Date,Headline,Link,Full Content
2023-07-20,"Promoter Shares of KBL, HBL, EDBL and MDB in Auction From Today",https://www.sharesansar.com/newsdetail/promoter-shares-of-kbl-hbl-edbl-and-mdb-in-auction-from-today-2023-07-20,"The existing promoter of
Kumari Bank Limited (KBL)
is auctioning 53,819 units of shares to existing promoter shareholders from today i.e. 4th Shrawan, 2080.
53,819 unit promoter shares of KBL will be auctioned. Only existing promoters are eligible to bid for the auction within 35 days from the date of publication of this notice, i.e. 4th Shrawan. The shareholders should submit their bids at the central office of the bank located at Naxal, Kathmandu.
As of writing, KBL has an LTP of Rs. 179.80.
Auction notice
Similarly, the existing promoters of
Himalayan Bank Limited (HBL)
are auctioning 7,51,680 units of shares to existing promoter shareholders from today i.e. 4th Shrawan, 2080.
7,51,680 unit promoter shares of HBL will be auctioned. Only existing promoters are eligible to bid for the auction within 35 days from the date of publication of this notice, i.e. 4th Shrawan. The shareholders should submit their bids at the central office of the bank located at Kamaladi, Kathmandu.
As of writing, HBL has an LTP of Rs. 226.50.
Auction notice
Likewise, the existing promoter of
Excel Development Bank Limited (EDBL)
is auctioning 16,275 units of shares to existing promoter shareholders from today i.e. 4th Shrawan, 2080.
16,275 unit promoter shares of EDBL will be auctioned. The minimum bid rate is Rs. 200. Only existing promoters are eligible to bid for the auction within 35 days from the date of publication of this notice, i.e. 4th Shrawan. The shareholders should submit their bids at the central office of the bank located at Birtamode, Jhapa.
As of writing, EDBL has an LTP of Rs. 336.40.
Auction notice
Lastly, the existing promoter of
Miteri Development Bank Limited (MDB)
is also auctioning 4,202 units of shares to existing promoter shareholders from today i.e. 4th Shrawan, 2080.
4,202 unit promoter shares of MDB will be auctioned. Only existing promoters are eligible to bid for the auction within 35 days from the date of publication of this notice, i.e. 4th Shrawan. The shareholders should submit their bids at the central office of the bank located at Mahendrapath, Dharan.
As of writing, MDB has an LTP of Rs. 417.70.
Auction notice"
2023-04-17,"Promoter Shares of PCBL, EDBL, MLBL, KSBBL and GBIME In Auction From Today",https://www.sharesansar.com/newsdetail/promoter-shares-of-pcbl-edbl-mlbl-ksbbl-and-gbime-in-auction-from-today-2023-04-17,"The existing promoters of
Prime Commercial Bank Limited (PCBL)
are selling 19,15,000 units of promoter shares in an auction to the general public from 4th Baisakh to 13th Baisakh, 2080.
19,15,000 units of promoter shares will be auctioned. Individual investors, companies, and institutions can bid in an auction. Rs. 130 is the minimum bid rate. The minimum bid quantity for promoters’ shares is 100,000 units. Although bidders can bid for the entire issue, they must abide by the Nepal Rastra Bank's rule not to exceed the specified quantity of shares per entity.
Prabhu Capital Limited is the auction manager. Bids will open at the premises of the auction manager on Baisakh 14, 2080.
As of writing, PCBL has an LTP of Rs. 200.
Auction Notice
Similarly, the existing promoters of
Excel Development Bank Limited (EDBL)
,
Mahalaxmi Bikas Bank Limited (MLBL)
,
Kamana Sewa Bikas Bank Limited (KSBBL)
, and
Global IME Bank Limited (GBIME)
are auctioning their promoter shares to the eligible shareholders from today i.e 4th Baisakh, 2080.
27,718 units of promoter shares of EDBL; 1,85,000 shares of MLBL; 2,44,954 shares of KSBBL, and 5,00,000 shares of GBIME will be auctioned. Only existing promoters are eligible to bid for the auction within 35 days from the date of publication of this notice, i.e. 4th Baisakh. The shareholders should submit their bids at the central offices of the respective banks. Rs. 135 is the minimum bid rate for GBIME's promoter shares.
If no bids are received from the existing founder shareholders within the mentioned date, then the shares will be later auctioned to the general public.
EDBL Auction Notice
MLBL Auction Notice
KSBBL Auction Notice
GBIME Auction Notice"
