Date_Stock,Close,Date_News,Sentiment_Score,Prediction
2015-11-10,343.0,,0.0,Neutral
2015-11-29,376.0,,0.0,Neutral
2015-11-30,383.0,,0.0,Neutral
2015-12-01,404.0,,0.0,Neutral
2015-12-02,420.0,,0.0,Neutral
2015-12-03,436.0,,0.0,Neutral
2015-12-07,479.0,,0.0,Neutral
2015-12-08,526.0,,0.0,Neutral
2015-12-09,578.0,,0.0,Neutral
2015-12-10,635.0,,0.0,Neutral
2015-12-13,698.0,,0.0,Neutral
2015-12-14,767.0,,0.0,Neutral
2015-12-15,843.0,,0.0,Neutral
2015-12-16,927.0,,0.0,Neutral
2015-12-17,1019.0,2015-12-17,0.9204099774360656,Strongly Positive
2015-12-20,980.0,,0.0,Neutral
2015-12-21,951.0,,0.0,Neutral
2015-12-22,1020.0,,0.0,Neutral
2015-12-23,1050.0,,0.0,Neutral
2015-12-24,1155.0,,0.0,Neutral
2015-12-27,1161.0,,0.0,Neutral
2015-12-28,1153.0,,0.0,Neutral
2015-12-29,1170.0,,0.0,Neutral
2015-12-31,1200.0,,0.0,Neutral
2016-01-03,1225.0,2016-01-03,0.2890769243240356,Positive
2016-01-04,1195.0,,0.0,Neutral
2016-01-05,1184.0,,0.0,Neutral
2016-01-06,1136.0,,0.0,Neutral
2016-01-07,1136.0,,0.0,Neutral
2016-01-10,1175.0,,0.0,Neutral
2016-01-11,1161.0,,0.0,Neutral
2016-01-12,1201.0,,0.0,Neutral
2016-01-13,1228.0,,0.0,Neutral
2016-01-14,1249.0,,0.0,Neutral
2016-01-31,1373.0,,0.0,Neutral
2016-02-01,1503.0,,0.0,Neutral
2016-02-02,1475.0,,0.0,Neutral
2016-02-03,1470.0,,0.0,Neutral
2016-02-04,1440.0,,0.0,Neutral
2016-02-07,1412.0,,0.0,Neutral
2016-02-14,1439.0,,0.0,Neutral
2016-02-15,1370.0,,0.0,Neutral
2016-02-16,1360.0,2016-02-16,-0.909696102142334,Strongly Negative
2016-02-18,1387.0,,0.0,Neutral
2016-02-21,1335.0,,0.0,Neutral
2016-02-22,1330.0,,0.0,Neutral
2016-02-23,1279.0,,0.0,Neutral
2016-02-24,1254.0,,0.0,Neutral
2016-02-25,1240.0,,0.0,Neutral
2016-02-28,1250.0,,0.0,Neutral
2016-02-29,1335.0,,0.0,Neutral
2016-03-01,1340.0,,0.0,Neutral
2016-03-02,1393.0,,0.0,Neutral
2016-03-06,1420.0,,0.0,Neutral
2016-03-10,1559.0,,0.0,Neutral
2016-03-13,1605.0,,0.0,Neutral
2016-03-14,1559.0,,0.0,Neutral
2016-03-15,1501.0,,0.0,Neutral
2016-03-16,1500.0,,0.0,Neutral
2016-03-17,1475.0,,0.0,Neutral
2016-03-20,1461.0,,0.0,Neutral
2016-03-21,1465.0,,0.0,Neutral
2016-03-23,1440.0,,0.0,Neutral
2016-03-24,1385.0,,0.0,Neutral
2016-03-27,1346.0,,0.0,Neutral
2016-03-28,1385.0,,0.0,Neutral
2016-03-29,1450.0,,0.0,Neutral
2016-03-30,1421.0,,0.0,Neutral
2016-03-31,1400.0,,0.0,Neutral
2016-04-03,1415.0,,0.0,Neutral
2016-04-04,1385.0,,0.0,Neutral
2016-04-05,1370.0,,0.0,Neutral
2016-04-06,1370.0,,0.0,Neutral
2016-04-10,1342.0,,0.0,Neutral
2016-04-11,1350.0,,0.0,Neutral
2016-04-12,1345.0,,0.0,Neutral
2016-04-14,1405.0,,0.0,Neutral
2016-04-17,1390.0,,0.0,Neutral
2016-04-18,1385.0,,0.0,Neutral
2016-04-19,1376.0,,0.0,Neutral
2016-04-20,1376.0,,0.0,Neutral
2016-04-21,1372.0,,0.0,Neutral
2016-04-24,1370.0,,0.0,Neutral
2016-04-25,1380.0,,0.0,Neutral
2016-04-26,1388.0,,0.0,Neutral
2016-04-27,1450.0,,0.0,Neutral
2016-04-28,1443.0,,0.0,Neutral
2016-05-02,1430.0,,0.0,Neutral
2016-05-03,1400.0,,0.0,Neutral
2016-05-04,1373.0,,0.0,Neutral
2016-05-05,1380.0,,0.0,Neutral
2016-05-08,1400.0,,0.0,Neutral
2016-05-09,1400.0,,0.0,Neutral
2016-05-10,1375.0,,0.0,Neutral
2016-05-11,1400.0,,0.0,Neutral
2016-05-12,1433.0,,0.0,Neutral
2016-05-15,1415.0,,0.0,Neutral
2016-05-16,1415.0,,0.0,Neutral
2016-05-17,1450.0,,0.0,Neutral
2016-05-18,1457.0,,0.0,Neutral
2016-05-19,1512.0,,0.0,Neutral
2016-05-22,1579.0,,0.0,Neutral
2016-05-23,1568.0,,0.0,Neutral
2016-05-24,1585.0,,0.0,Neutral
2016-05-25,1521.0,,0.0,Neutral
2016-05-26,1582.0,,0.0,Neutral
2016-05-29,1565.0,,0.0,Neutral
2016-05-30,1535.0,,0.0,Neutral
2016-05-31,1511.0,,0.0,Neutral
2016-06-01,1525.0,,0.0,Neutral
2016-06-02,1517.0,,0.0,Neutral
2016-06-05,1470.0,,0.0,Neutral
2016-06-06,1500.0,,0.0,Neutral
2016-06-07,1501.0,,0.0,Neutral
2016-06-08,1500.0,,0.0,Neutral
2016-06-09,1516.0,,0.0,Neutral
2016-06-12,1560.0,,0.0,Neutral
2016-06-13,1660.0,,0.0,Neutral
2016-06-14,1826.0,2016-06-14,0.7169064879417419,Strongly Positive
2016-06-15,1800.0,,0.0,Neutral
2016-06-16,1856.0,,0.0,Neutral
2016-06-19,1790.0,,0.0,Neutral
2016-06-20,1790.0,,0.0,Neutral
2016-06-21,1830.0,,0.0,Neutral
2016-06-22,1876.0,,0.0,Neutral
2016-06-23,1910.0,,0.0,Neutral
2016-06-26,1870.0,,0.0,Neutral
2016-06-27,1833.0,,0.0,Neutral
2016-06-28,1820.0,,0.0,Neutral
2016-06-29,1907.0,,0.0,Neutral
2016-06-30,1958.0,,0.0,Neutral
2016-07-03,2100.0,,0.0,Neutral
2016-07-04,1985.0,,0.0,Neutral
2016-07-05,1950.0,,0.0,Neutral
2016-07-06,1920.0,,0.0,Neutral
2016-07-10,1930.0,,0.0,Neutral
2016-07-11,1920.0,,0.0,Neutral
2016-07-12,1958.0,,0.0,Neutral
2016-07-13,1800.0,,0.0,Neutral
2016-07-14,1750.0,,0.0,Neutral
2016-07-17,1584.0,,0.0,Neutral
2016-07-18,1500.0,,0.0,Neutral
2016-07-19,1451.0,,0.0,Neutral
2016-07-20,1405.0,,0.0,Neutral
2016-07-21,1470.0,,0.0,Neutral
2016-07-25,1560.0,,0.0,Neutral
2016-07-26,1600.0,,0.0,Neutral
2016-07-27,1630.0,,0.0,Neutral
2016-07-28,1540.0,,0.0,Neutral
2016-07-31,1570.0,,0.0,Neutral
2016-08-01,1539.0,,0.0,Neutral
2016-08-02,1471.0,,0.0,Neutral
2016-08-03,1490.0,,0.0,Neutral
2016-08-04,1450.0,,0.0,Neutral
2016-08-07,1435.0,,0.0,Neutral
2016-08-08,1393.0,,0.0,Neutral
2016-08-10,1422.0,,0.0,Neutral
2016-08-11,1400.0,,0.0,Neutral
2016-08-14,1325.0,,0.0,Neutral
2016-08-15,1330.0,,0.0,Neutral
2016-08-16,1295.0,,0.0,Neutral
2016-08-17,1355.0,,0.0,Neutral
2016-08-21,1350.0,,0.0,Neutral
2016-08-22,1283.0,,0.0,Neutral
2016-08-23,1240.0,,0.0,Neutral
2016-08-24,1324.0,,0.0,Neutral
2016-08-28,1366.0,,0.0,Neutral
2016-08-29,1393.0,,0.0,Neutral
2016-08-30,1378.0,,0.0,Neutral
2016-08-31,1404.0,,0.0,Neutral
2016-09-01,1432.0,,0.0,Neutral
2016-09-03,1358.0,,0.0,Neutral
2016-09-04,1358.0,,0.0,Neutral
2016-09-05,1400.0,,0.0,Neutral
2016-09-06,1400.0,,0.0,Neutral
2016-09-07,1428.0,,0.0,Neutral
2016-09-08,1406.0,,0.0,Neutral
2016-09-11,1396.0,,0.0,Neutral
2016-09-12,1380.0,,0.0,Neutral
2016-09-14,1377.0,,0.0,Neutral
2016-09-18,1430.0,,0.0,Neutral
2016-09-20,1435.0,,0.0,Neutral
2016-09-21,1410.0,,0.0,Neutral
2016-09-22,1401.0,,0.0,Neutral
2016-09-25,1325.0,2016-09-25,0.8054744601249695,Strongly Positive
2016-09-26,1340.0,,0.0,Neutral
2016-09-27,1325.0,,0.0,Neutral
2016-09-28,1330.0,,0.0,Neutral
2016-09-29,1290.0,,0.0,Neutral
2016-10-02,1300.0,,0.0,Neutral
2016-10-03,1280.0,,0.0,Neutral
2016-10-04,1250.0,,0.0,Neutral
2016-10-05,1228.0,,0.0,Neutral
2016-10-06,1285.0,,0.0,Neutral
2016-10-16,1280.0,,0.0,Neutral
2016-10-17,1290.0,,0.0,Neutral
2016-10-18,1299.0,,0.0,Neutral
2016-10-19,1241.0,,0.0,Neutral
2016-10-20,1226.0,,0.0,Neutral
2016-10-23,1235.0,,0.0,Neutral
2016-10-24,1230.0,,0.0,Neutral
2016-10-25,1206.0,,0.0,Neutral
2016-10-26,1191.0,,0.0,Neutral
2016-10-27,1200.0,,0.0,Neutral
2016-11-03,1205.0,,0.0,Neutral
2016-11-07,1298.0,,0.0,Neutral
2016-11-08,1285.0,,0.0,Neutral
2016-11-09,1210.0,,0.0,Neutral
2016-11-10,1210.0,,0.0,Neutral
2016-11-13,1210.0,,0.0,Neutral
2016-11-14,1195.0,,0.0,Neutral
2016-11-15,1174.0,,0.0,Neutral
2016-11-16,1170.0,,0.0,Neutral
2016-11-17,1150.0,,0.0,Neutral
2016-11-20,1121.0,,0.0,Neutral
2016-11-21,1075.0,2016-11-21,0.8642113208770752,Strongly Positive
2016-11-22,917.0,,0.0,Neutral
2016-11-23,880.0,,0.0,Neutral
2016-11-24,875.0,,0.0,Neutral
2016-11-27,843.0,,0.0,Neutral
2016-11-28,827.0,,0.0,Neutral
2016-11-29,884.0,,0.0,Neutral
2016-11-30,955.0,,0.0,Neutral
2016-12-01,1050.0,,0.0,Neutral
2016-12-04,1009.0,,0.0,Neutral
2016-12-05,972.0,,0.0,Neutral
2016-12-06,936.0,,0.0,Neutral
2016-12-07,931.0,,0.0,Neutral
2016-12-08,880.0,,0.0,Neutral
2016-12-11,861.0,,0.0,Neutral
2016-12-12,855.0,2016-12-12,0.900842308998108,Strongly Positive
2016-12-14,833.0,,0.0,Neutral
2016-12-15,845.0,,0.0,Neutral
2016-12-18,856.0,,0.0,Neutral
2016-12-19,850.0,,0.0,Neutral
2016-12-20,849.0,,0.0,Neutral
2016-12-21,816.0,,0.0,Neutral
2016-12-22,815.0,,0.0,Neutral
2016-12-26,795.0,,0.0,Neutral
2016-12-27,765.0,,0.0,Neutral
2016-12-28,775.0,,0.0,Neutral
2016-12-29,790.0,,0.0,Neutral
2017-01-01,776.0,,0.0,Neutral
2017-01-02,790.0,,0.0,Neutral
2017-01-03,800.0,,0.0,Neutral
2017-01-04,796.0,,0.0,Neutral
2017-01-05,775.0,,0.0,Neutral
2017-01-08,775.0,,0.0,Neutral
2017-01-10,800.0,,0.0,Neutral
2017-01-12,799.0,,0.0,Neutral
2017-01-15,800.0,,0.0,Neutral
2017-01-16,785.0,,0.0,Neutral
2017-01-17,780.0,,0.0,Neutral
2017-01-18,780.0,,0.0,Neutral
2017-01-19,775.0,,0.0,Neutral
2017-01-22,766.0,,0.0,Neutral
2017-01-23,755.0,,0.0,Neutral
2017-01-24,744.0,,0.0,Neutral
2017-01-25,730.0,,0.0,Neutral
2017-01-26,725.0,,0.0,Neutral
2017-01-31,715.0,,0.0,Neutral
2017-02-01,743.0,,0.0,Neutral
2017-02-02,774.0,,0.0,Neutral
2017-02-07,753.0,,0.0,Neutral
2017-02-08,751.0,,0.0,Neutral
2017-02-09,747.0,,0.0,Neutral
2017-02-12,715.0,,0.0,Neutral
2017-02-13,710.0,,0.0,Neutral
2017-02-14,705.0,,0.0,Neutral
2017-02-15,701.0,,0.0,Neutral
2017-02-16,700.0,,0.0,Neutral
2017-02-19,701.0,,0.0,Neutral
2017-02-20,771.0,,0.0,Neutral
2017-02-21,771.0,,0.0,Neutral
2017-02-22,771.0,,0.0,Neutral
2017-02-23,775.0,,0.0,Neutral
2017-02-26,760.0,,0.0,Neutral
2017-02-28,770.0,,0.0,Neutral
2017-03-02,765.0,,0.0,Neutral
2017-03-05,780.0,,0.0,Neutral
2017-03-06,785.0,,0.0,Neutral
2017-03-07,772.0,,0.0,Neutral
2017-03-09,775.0,,0.0,Neutral
2017-03-13,768.0,,0.0,Neutral
2017-03-15,760.0,,0.0,Neutral
2017-03-16,780.0,,0.0,Neutral
2017-03-19,768.0,,0.0,Neutral
2017-03-20,844.0,,0.0,Neutral
2017-03-21,928.0,,0.0,Neutral
2017-03-22,964.0,,0.0,Neutral
2017-03-23,1050.0,,0.0,Neutral
2017-03-26,1132.0,,0.0,Neutral
2017-03-28,1221.0,,0.0,Neutral
2017-03-29,1200.0,,0.0,Neutral
2017-03-30,1196.0,,0.0,Neutral
2017-04-02,1250.0,,0.0,Neutral
2017-04-03,1240.0,,0.0,Neutral
2017-04-04,1235.0,,0.0,Neutral
2017-04-06,1233.0,,0.0,Neutral
2017-04-09,1225.0,,0.0,Neutral
2017-04-10,1347.0,,0.0,Neutral
2017-04-11,1420.0,,0.0,Neutral
2017-04-12,1509.0,,0.0,Neutral
2017-04-13,1472.0,,0.0,Neutral
2017-04-16,1455.0,,0.0,Neutral
2017-04-18,1310.0,,0.0,Neutral
2017-04-19,1405.0,,0.0,Neutral
2017-04-20,1400.0,,0.0,Neutral
2017-04-23,1338.0,,0.0,Neutral
2017-04-24,1360.0,,0.0,Neutral
2017-04-25,1431.0,,0.0,Neutral
2017-04-26,1535.0,,0.0,Neutral
2017-04-27,1520.0,,0.0,Neutral
2017-04-30,1470.0,,0.0,Neutral
2017-05-02,1520.0,,0.0,Neutral
2017-05-03,1536.0,,0.0,Neutral
2017-05-04,1520.0,,0.0,Neutral
2017-05-07,1475.0,,0.0,Neutral
2017-05-08,1470.0,,0.0,Neutral
2017-05-09,1515.0,,0.0,Neutral
2017-05-11,1495.0,,0.0,Neutral
2017-05-15,1504.0,,0.0,Neutral
2017-05-16,1483.0,,0.0,Neutral
2017-05-17,1481.0,,0.0,Neutral
2017-05-18,1488.0,,0.0,Neutral
2017-05-21,1480.0,,0.0,Neutral
2017-05-22,1470.0,,0.0,Neutral
2017-05-23,1456.0,,0.0,Neutral
2017-05-24,1475.0,,0.0,Neutral
2017-05-28,1445.0,,0.0,Neutral
2017-05-30,1427.0,,0.0,Neutral
2017-05-31,1457.0,,0.0,Neutral
2017-06-01,1435.0,,0.0,Neutral
2017-06-04,1420.0,,0.0,Neutral
2017-06-05,1435.0,,0.0,Neutral
2017-06-06,1540.0,,0.0,Neutral
2017-06-07,1450.0,,0.0,Neutral
2017-06-08,1454.0,,0.0,Neutral
2017-06-11,1430.0,,0.0,Neutral
2017-06-12,1406.0,,0.0,Neutral
2017-06-13,1429.0,,0.0,Neutral
2017-06-14,1400.0,,0.0,Neutral
2017-06-15,1420.0,,0.0,Neutral
2017-06-18,1395.0,,0.0,Neutral
2017-06-19,1375.0,,0.0,Neutral
2017-06-20,1407.0,,0.0,Neutral
2017-06-21,1392.0,,0.0,Neutral
2017-06-22,1390.0,,0.0,Neutral
2017-06-25,1425.0,,0.0,Neutral
2017-06-27,1409.0,,0.0,Neutral
2017-06-28,1448.0,,0.0,Neutral
2017-07-02,1399.0,,0.0,Neutral
2017-07-03,1450.0,,0.0,Neutral
2017-07-04,1420.0,,0.0,Neutral
2017-07-05,1435.0,,0.0,Neutral
2017-07-06,1440.0,,0.0,Neutral
2017-07-09,1369.0,,0.0,Neutral
2017-07-10,1385.0,,0.0,Neutral
2017-07-11,1385.0,,0.0,Neutral
2017-07-12,1381.0,,0.0,Neutral
2017-07-13,1373.0,,0.0,Neutral
2017-07-16,1389.0,,0.0,Neutral
2017-07-17,1417.0,,0.0,Neutral
2017-07-18,1370.0,,0.0,Neutral
2017-07-19,1393.0,,0.0,Neutral
2017-07-20,1370.0,,0.0,Neutral
2017-07-23,1440.0,,0.0,Neutral
2017-07-24,1433.0,,0.0,Neutral
2017-07-25,1410.0,,0.0,Neutral
2017-07-26,1450.0,,0.0,Neutral
2017-07-27,1465.0,,0.0,Neutral
2017-07-30,1441.0,,0.0,Neutral
2017-07-31,1441.0,,0.0,Neutral
2017-08-01,1465.0,,0.0,Neutral
2017-08-02,1455.0,,0.0,Neutral
2017-08-03,1431.0,,0.0,Neutral
2017-08-06,1442.0,,0.0,Neutral
2017-08-07,1430.0,,0.0,Neutral
2017-08-09,1430.0,,0.0,Neutral
2017-08-10,1419.0,2017-08-10,-0.1304661929607391,Slightly Negative
2017-08-13,1384.0,,0.0,Neutral
2017-08-15,1360.0,,0.0,Neutral
2017-08-16,1365.0,,0.0,Neutral
2017-08-17,1400.0,,0.0,Neutral
2017-08-20,1351.0,,0.0,Neutral
2017-08-21,1360.0,,0.0,Neutral
2017-08-22,1380.0,,0.0,Neutral
2017-08-23,1361.0,,0.0,Neutral
2017-08-24,1360.0,,0.0,Neutral
2017-08-27,1375.0,,0.0,Neutral
2017-08-28,1389.0,,0.0,Neutral
2017-08-30,1370.0,,0.0,Neutral
2017-08-31,1317.0,,0.0,Neutral
2017-09-04,1325.0,,0.0,Neutral
2017-09-06,1400.0,,0.0,Neutral
2017-09-07,1370.0,,0.0,Neutral
2017-09-10,1296.0,,0.0,Neutral
2017-09-11,1325.0,,0.0,Neutral
2017-09-12,1295.0,,0.0,Neutral
2017-09-13,1291.0,,0.0,Neutral
2017-09-14,1305.0,,0.0,Neutral
2017-09-17,1286.0,,0.0,Neutral
2017-09-18,1298.0,,0.0,Neutral
2017-09-20,1286.0,,0.0,Neutral
2017-09-24,1290.0,,0.0,Neutral
2017-09-25,1345.0,,0.0,Neutral
2017-09-26,1300.0,,0.0,Neutral
2017-10-03,1300.0,,0.0,Neutral
2017-10-04,1300.0,,0.0,Neutral
2017-10-08,1257.0,,0.0,Neutral
2017-10-09,1259.0,,0.0,Neutral
2017-10-10,1265.0,,0.0,Neutral
2017-10-11,1271.0,,0.0,Neutral
2017-10-12,1270.0,,0.0,Neutral
2017-10-15,1233.0,,0.0,Neutral
2017-10-16,1288.0,,0.0,Neutral
2017-10-17,1245.0,,0.0,Neutral
2017-10-18,1250.0,,0.0,Neutral
2017-10-22,1260.0,,0.0,Neutral
2017-10-23,1240.0,,0.0,Neutral
2017-10-24,1241.0,,0.0,Neutral
2017-10-25,1248.0,,0.0,Neutral
2017-10-30,1224.0,,0.0,Neutral
2017-10-31,1191.0,,0.0,Neutral
2017-11-01,1170.0,,0.0,Neutral
2017-11-02,1145.0,,0.0,Neutral
2017-11-05,1110.0,,0.0,Neutral
2017-11-06,1100.0,,0.0,Neutral
2017-11-07,1090.0,,0.0,Neutral
2017-11-08,1069.0,,0.0,Neutral
2017-11-09,1065.0,2017-11-09,0.891646683216095,Strongly Positive
2017-11-12,1020.0,2017-11-12,0.0298075154423713,Neutral
2017-11-13,1027.0,,0.0,Neutral
2017-11-14,1128.0,,0.0,Neutral
2017-11-15,1088.0,,0.0,Neutral
2017-11-16,1090.0,,0.0,Neutral
2017-11-19,980.0,,0.0,Neutral
2017-11-20,990.0,,0.0,Neutral
2017-11-21,985.0,,0.0,Neutral
2017-11-22,980.0,2017-11-22,0.8878476619720459,Strongly Positive
2017-11-23,995.0,,0.0,Neutral
2017-11-26,1030.0,,0.0,Neutral
2017-11-27,1029.0,,0.0,Neutral
2017-11-28,1020.0,,0.0,Neutral
2017-11-29,1064.0,,0.0,Neutral
2017-11-30,1042.0,,0.0,Neutral
2017-12-04,1030.0,2017-12-04,0.878637433052063,Strongly Positive
2017-12-05,1020.0,,0.0,Neutral
2017-12-06,1015.0,,0.0,Neutral
2017-12-10,1016.0,,0.0,Neutral
2017-12-11,1001.0,,0.0,Neutral
2017-12-12,1010.0,,0.0,Neutral
2017-12-13,1030.0,,0.0,Neutral
2017-12-14,1030.0,,0.0,Neutral
2017-12-17,1010.0,,0.0,Neutral
2017-12-18,1000.0,,0.0,Neutral
2017-12-19,990.0,,0.0,Neutral
2017-12-20,984.0,,0.0,Neutral
2017-12-21,928.0,,0.0,Neutral
2017-12-24,931.0,,0.0,Neutral
2017-12-26,901.0,,0.0,Neutral
2017-12-27,904.0,,0.0,Neutral
2017-12-28,885.0,,0.0,Neutral
2017-12-31,890.0,,0.0,Neutral
2018-01-01,948.0,,0.0,Neutral
2018-01-02,923.0,,0.0,Neutral
2018-01-03,900.0,,0.0,Neutral
2018-01-04,905.0,,0.0,Neutral
2018-01-07,901.0,,0.0,Neutral
2018-01-08,905.0,,0.0,Neutral
2018-01-09,920.0,2018-01-09,0.8933083415031433,Strongly Positive
2018-01-10,904.0,,0.0,Neutral
2018-01-14,919.0,,0.0,Neutral
2018-01-16,917.0,,0.0,Neutral
2018-01-17,900.0,,0.0,Neutral
2018-01-21,890.0,,0.0,Neutral
2018-01-22,887.0,,0.0,Neutral
2018-01-23,870.0,,0.0,Neutral
2018-01-24,876.0,,0.0,Neutral
2018-01-25,892.0,,0.0,Neutral
2018-01-28,900.0,,0.0,Neutral
2018-01-29,882.0,,0.0,Neutral
2018-01-31,914.0,,0.0,Neutral
2018-02-01,927.0,,0.0,Neutral
2018-02-05,910.0,,0.0,Neutral
2018-02-06,876.0,,0.0,Neutral
2018-02-07,860.0,,0.0,Neutral
2018-02-08,870.0,2018-02-08,0.0237769018858671,Neutral
2018-02-11,855.0,,0.0,Neutral
2018-02-12,855.0,,0.0,Neutral
2018-02-14,870.0,,0.0,Neutral
2018-02-15,910.0,,0.0,Neutral
2018-02-18,885.0,,0.0,Neutral
2018-02-20,868.0,,0.0,Neutral
2018-02-21,860.0,,0.0,Neutral
2018-02-22,861.0,,0.0,Neutral
2018-02-25,850.0,,0.0,Neutral
2018-02-26,817.0,,0.0,Neutral
2018-02-27,836.0,,0.0,Neutral
2018-02-28,814.0,,0.0,Neutral
2018-03-04,756.0,,0.0,Neutral
2018-03-05,757.0,,0.0,Neutral
2018-03-06,750.0,,0.0,Neutral
2018-03-07,765.0,,0.0,Neutral
2018-03-11,753.0,,0.0,Neutral
2018-03-12,738.0,,0.0,Neutral
2018-03-13,752.0,,0.0,Neutral
2018-03-14,767.0,,0.0,Neutral
2018-03-15,775.0,,0.0,Neutral
2018-03-18,757.0,,0.0,Neutral
2018-03-19,735.0,,0.0,Neutral
2018-03-20,750.0,,0.0,Neutral
2018-03-21,717.0,,0.0,Neutral
2018-03-22,690.0,,0.0,Neutral
2018-03-26,677.0,,0.0,Neutral
2018-03-27,652.0,,0.0,Neutral
2018-03-28,662.0,,0.0,Neutral
2018-03-29,670.0,,0.0,Neutral
2018-04-01,677.0,,0.0,Neutral
2018-04-02,690.0,,0.0,Neutral
2018-04-03,703.0,,0.0,Neutral
2018-04-04,741.0,,0.0,Neutral
2018-04-05,775.0,,0.0,Neutral
2018-04-08,790.0,,0.0,Neutral
2018-04-09,805.0,,0.0,Neutral
2018-04-10,791.0,,0.0,Neutral
2018-04-11,796.0,,0.0,Neutral
2018-04-12,800.0,,0.0,Neutral
2018-04-15,800.0,,0.0,Neutral
2018-04-16,850.0,,0.0,Neutral
2018-04-17,907.0,,0.0,Neutral
2018-04-18,891.0,,0.0,Neutral
2018-04-19,895.0,2018-04-19,0.909582257270813,Strongly Positive
2018-04-22,940.0,,0.0,Neutral
2018-04-23,915.0,,0.0,Neutral
2018-04-24,900.0,,0.0,Neutral
2018-04-25,885.0,,0.0,Neutral
2018-04-26,846.0,,0.0,Neutral
2018-04-29,835.0,,0.0,Neutral
2018-05-02,836.0,,0.0,Neutral
2018-05-03,860.0,,0.0,Neutral
2018-05-06,860.0,,0.0,Neutral
2018-05-07,855.0,,0.0,Neutral
2018-05-08,878.0,,0.0,Neutral
2018-05-09,878.0,2018-05-09,0.0145005555823445,Neutral
2018-05-10,865.0,,0.0,Neutral
2018-05-14,852.0,,0.0,Neutral
2018-05-15,838.0,,0.0,Neutral
2018-05-16,854.0,2018-05-16,0.8216570615768433,Strongly Positive
2018-05-17,851.0,,0.0,Neutral
2018-05-20,870.0,,0.0,Neutral
2018-05-21,885.0,,0.0,Neutral
2018-05-22,902.0,,0.0,Neutral
2018-05-23,899.0,,0.0,Neutral
2018-05-24,871.0,,0.0,Neutral
2018-05-27,841.0,,0.0,Neutral
2018-05-28,890.0,,0.0,Neutral
2018-05-29,870.0,,0.0,Neutral
2018-05-30,861.0,,0.0,Neutral
2018-05-31,848.0,,0.0,Neutral
2018-06-03,830.0,,0.0,Neutral
2018-06-04,820.0,,0.0,Neutral
2018-06-06,820.0,,0.0,Neutral
2018-06-07,815.0,,0.0,Neutral
2018-06-10,760.0,,0.0,Neutral
2018-06-11,785.0,,0.0,Neutral
2018-06-12,775.0,,0.0,Neutral
2018-06-13,777.0,,0.0,Neutral
2018-06-14,790.0,,0.0,Neutral
2018-06-17,780.0,,0.0,Neutral
2018-06-18,764.0,,0.0,Neutral
2018-06-19,772.0,,0.0,Neutral
2018-06-20,762.0,,0.0,Neutral
2018-06-21,785.0,,0.0,Neutral
2018-06-24,781.0,,0.0,Neutral
2018-06-25,758.0,,0.0,Neutral
2018-06-26,736.0,,0.0,Neutral
2018-06-27,749.0,,0.0,Neutral
2018-06-28,742.0,,0.0,Neutral
2018-07-01,731.0,,0.0,Neutral
2018-07-02,748.0,,0.0,Neutral
2018-07-03,752.0,,0.0,Neutral
2018-07-04,750.0,,0.0,Neutral
2018-07-05,795.0,,0.0,Neutral
2018-07-08,765.0,,0.0,Neutral
2018-07-09,751.0,,0.0,Neutral
2018-07-10,770.0,,0.0,Neutral
2018-07-11,804.0,,0.0,Neutral
2018-07-12,760.0,,0.0,Neutral
2018-07-15,765.0,,0.0,Neutral
2018-07-16,765.0,,0.0,Neutral
2018-07-17,766.0,,0.0,Neutral
2018-07-18,781.0,,0.0,Neutral
2018-07-19,765.0,,0.0,Neutral
2018-07-22,741.0,,0.0,Neutral
2018-07-23,765.0,,0.0,Neutral
2018-07-24,767.0,,0.0,Neutral
2018-07-25,745.0,,0.0,Neutral
2018-07-26,735.0,,0.0,Neutral
2018-07-29,730.0,,0.0,Neutral
2018-07-30,730.0,,0.0,Neutral
2018-07-31,726.0,,0.0,Neutral
2018-08-01,739.0,,0.0,Neutral
2018-08-02,726.0,,0.0,Neutral
2018-08-05,730.0,2018-08-05,0.0327157452702522,Neutral
2018-08-07,718.0,,0.0,Neutral
2018-08-08,680.0,,0.0,Neutral
2018-08-09,676.0,,0.0,Neutral
2018-08-12,660.0,,0.0,Neutral
2018-08-13,680.0,,0.0,Neutral
2018-08-14,670.0,,0.0,Neutral
2018-08-15,696.0,,0.0,Neutral
2018-08-16,677.0,,0.0,Neutral
2018-08-19,667.0,,0.0,Neutral
2018-08-20,671.0,,0.0,Neutral
2018-08-21,667.0,,0.0,Neutral
2018-08-22,680.0,,0.0,Neutral
2018-08-23,673.0,,0.0,Neutral
2018-08-26,652.0,,0.0,Neutral
2018-08-28,655.0,,0.0,Neutral
2018-08-29,642.0,,0.0,Neutral
2018-08-30,657.0,,0.0,Neutral
2018-09-02,668.0,,0.0,Neutral
2018-09-03,680.0,,0.0,Neutral
2018-09-04,693.0,,0.0,Neutral
2018-09-05,720.0,,0.0,Neutral
2018-09-06,762.0,,0.0,Neutral
2018-09-09,719.0,,0.0,Neutral
2018-09-10,710.0,,0.0,Neutral
2018-09-11,715.0,,0.0,Neutral
2018-09-12,729.0,,0.0,Neutral
2018-09-13,716.0,,0.0,Neutral
2018-09-16,731.0,,0.0,Neutral
2018-09-17,735.0,,0.0,Neutral
2018-09-18,712.0,,0.0,Neutral
2018-09-20,720.0,,0.0,Neutral
2018-09-23,724.0,,0.0,Neutral
2018-09-25,735.0,,0.0,Neutral
2018-09-26,730.0,,0.0,Neutral
2018-09-27,725.0,,0.0,Neutral
2018-09-30,714.0,,0.0,Neutral
2018-10-01,720.0,,0.0,Neutral
2018-10-02,720.0,,0.0,Neutral
2018-10-03,733.0,,0.0,Neutral
2018-10-04,730.0,,0.0,Neutral
2018-10-07,708.0,,0.0,Neutral
2018-10-08,700.0,2018-10-08,0.8032337427139282,Strongly Positive
2018-10-09,696.0,,0.0,Neutral
2018-10-10,696.0,,0.0,Neutral
2018-10-11,700.0,,0.0,Neutral
2018-10-14,695.0,,0.0,Neutral
2018-10-15,700.0,,0.0,Neutral
2018-10-22,714.0,,0.0,Neutral
2018-10-23,715.0,,0.0,Neutral
2018-10-25,705.0,,0.0,Neutral
2018-10-28,681.0,,0.0,Neutral
2018-10-29,670.0,,0.0,Neutral
2018-10-30,673.0,,0.0,Neutral
2018-10-31,662.0,,0.0,Neutral
2018-11-01,665.0,,0.0,Neutral
2018-11-04,670.0,,0.0,Neutral
2018-11-05,682.0,,0.0,Neutral
2018-11-11,670.0,,0.0,Neutral
2018-11-12,672.0,2018-11-12,-0.9224801659584044,Strongly Negative
2018-11-13,678.0,,0.0,Neutral
2018-11-15,685.0,,0.0,Neutral
2018-11-18,672.0,,0.0,Neutral
2018-11-21,647.0,,0.0,Neutral
2018-11-22,625.0,,0.0,Neutral
2018-11-25,626.0,,0.0,Neutral
2018-11-26,615.0,,0.0,Neutral
2018-11-27,625.0,2018-11-27,0.8313140869140625,Strongly Positive
2018-11-28,625.0,,0.0,Neutral
2018-11-29,601.0,,0.0,Neutral
2018-12-02,652.0,2018-12-02,0.8912595510482788,Strongly Positive
2018-12-03,695.0,,0.0,Neutral
2018-12-04,700.0,,0.0,Neutral
2018-12-05,665.0,,0.0,Neutral
2018-12-06,688.0,,0.0,Neutral
2018-12-09,710.0,,0.0,Neutral
2018-12-10,715.0,,0.0,Neutral
2018-12-11,721.0,,0.0,Neutral
2018-12-12,710.0,,0.0,Neutral
2018-12-13,695.0,2018-12-13,0.8633142709732056,Strongly Positive
2018-12-16,663.0,,0.0,Neutral
2018-12-17,702.0,,0.0,Neutral
2018-12-18,653.0,,0.0,Neutral
2018-12-19,675.0,,0.0,Neutral
2018-12-20,680.0,,0.0,Neutral
2018-12-23,714.0,,0.0,Neutral
2018-12-24,700.0,,0.0,Neutral
2018-12-25,674.0,,0.0,Neutral
2018-12-26,712.0,,0.0,Neutral
2018-12-27,693.0,,0.0,Neutral
2018-12-30,696.0,,0.0,Neutral
2018-12-31,681.0,,0.0,Neutral
2019-01-01,677.0,,0.0,Neutral
2019-01-02,677.0,,0.0,Neutral
2019-01-03,675.0,,0.0,Neutral
2019-01-06,675.0,,0.0,Neutral
2019-01-07,680.0,,0.0,Neutral
2019-01-08,685.0,,0.0,Neutral
2019-01-09,695.0,,0.0,Neutral
2019-01-10,698.0,,0.0,Neutral
2019-01-13,694.0,,0.0,Neutral
2019-01-14,685.0,,0.0,Neutral
2019-01-15,708.0,,0.0,Neutral
2019-01-16,705.0,,0.0,Neutral
2019-01-17,695.0,,0.0,Neutral
2019-01-20,695.0,,0.0,Neutral
2019-01-21,685.0,,0.0,Neutral
2019-01-22,690.0,2019-01-22,0.8501448631286621,Strongly Positive
2019-01-23,699.0,,0.0,Neutral
2019-01-24,682.0,,0.0,Neutral
2019-01-29,682.0,,0.0,Neutral
2019-01-30,685.0,,0.0,Neutral
2019-01-31,679.0,,0.0,Neutral
2019-02-03,705.0,2019-02-03,-0.5451153516769409,Negative
2019-02-04,695.0,,0.0,Neutral
2019-02-05,695.0,,0.0,Neutral
2019-02-06,687.0,,0.0,Neutral
2019-02-07,683.0,,0.0,Neutral
2019-02-10,695.0,2019-02-10,0.8660281896591187,Strongly Positive
2019-02-11,710.0,,0.0,Neutral
2019-02-12,696.0,,0.0,Neutral
2019-02-13,688.0,,0.0,Neutral
2019-02-14,683.0,,0.0,Neutral
2019-02-17,687.0,,0.0,Neutral
2019-02-18,700.0,,0.0,Neutral
2019-02-19,699.0,,0.0,Neutral
2019-02-20,691.0,,0.0,Neutral
2019-02-21,675.0,,0.0,Neutral
2019-02-24,670.0,,0.0,Neutral
2019-02-25,670.0,,0.0,Neutral
2019-02-26,663.0,2019-02-26,0.7570230960845947,Strongly Positive
2019-02-27,669.0,,0.0,Neutral
2019-03-03,668.0,,0.0,Neutral
2019-03-05,656.0,,0.0,Neutral
2019-03-06,677.0,,0.0,Neutral
2019-03-07,685.0,,0.0,Neutral
2019-03-10,685.0,,0.0,Neutral
2019-03-11,693.0,,0.0,Neutral
2019-03-12,699.0,,0.0,Neutral
2019-03-14,673.0,,0.0,Neutral
2019-03-17,665.0,,0.0,Neutral
2019-03-18,665.0,,0.0,Neutral
2019-03-19,670.0,,0.0,Neutral
2019-03-21,660.0,,0.0,Neutral
2019-03-24,650.0,,0.0,Neutral
2019-03-25,650.0,,0.0,Neutral
2019-03-26,643.0,,0.0,Neutral
2019-03-27,661.0,,0.0,Neutral
2019-03-28,646.0,,0.0,Neutral
2019-03-31,645.0,,0.0,Neutral
2019-04-01,630.0,,0.0,Neutral
2019-04-02,642.0,,0.0,Neutral
2019-04-03,645.0,,0.0,Neutral
2019-04-04,640.0,,0.0,Neutral
2019-04-07,631.0,,0.0,Neutral
2019-04-08,677.0,,0.0,Neutral
2019-04-09,664.0,,0.0,Neutral
2019-04-10,646.0,,0.0,Neutral
2019-04-11,641.0,,0.0,Neutral
2019-04-15,614.0,2019-04-15,0.6287037134170532,Strongly Positive
2019-04-16,615.0,,0.0,Neutral
2019-04-17,600.0,,0.0,Neutral
2019-04-18,590.0,,0.0,Neutral
2019-04-21,597.0,,0.0,Neutral
2019-04-22,580.0,,0.0,Neutral
2019-04-23,580.0,,0.0,Neutral
2019-04-24,581.0,,0.0,Neutral
2019-04-25,580.0,,0.0,Neutral
2019-04-28,638.0,,0.0,Neutral
2019-04-29,622.0,,0.0,Neutral
2019-05-02,601.0,,0.0,Neutral
2019-05-05,598.0,,0.0,Neutral
2019-05-06,612.0,,0.0,Neutral
2019-05-07,605.0,,0.0,Neutral
2019-05-08,610.0,,0.0,Neutral
2019-05-09,602.0,,0.0,Neutral
2019-05-12,602.0,,0.0,Neutral
2019-05-13,588.0,,0.0,Neutral
2019-05-14,590.0,,0.0,Neutral
2019-05-15,590.0,,0.0,Neutral
2019-05-16,579.0,,0.0,Neutral
2019-05-19,578.0,,0.0,Neutral
2019-05-20,575.0,,0.0,Neutral
2019-05-21,561.0,2019-05-21,0.7988386750221252,Strongly Positive
2019-05-22,555.0,,0.0,Neutral
2019-05-23,555.0,,0.0,Neutral
2019-05-26,560.0,,0.0,Neutral
2019-05-27,555.0,2019-05-27,0.9238079190254213,Strongly Positive
2019-05-28,548.0,,0.0,Neutral
2019-05-29,558.0,,0.0,Neutral
2019-05-30,555.0,,0.0,Neutral
2019-06-02,552.0,,0.0,Neutral
2019-06-03,541.0,2019-06-03,0.8775352239608765,Strongly Positive
2019-06-04,538.0,,0.0,Neutral
2019-06-06,542.0,,0.0,Neutral
2019-06-10,535.0,,0.0,Neutral
2019-06-11,530.0,,0.0,Neutral
2019-06-12,527.0,,0.0,Neutral
2019-06-13,515.0,,0.0,Neutral
2019-06-16,481.0,,0.0,Neutral
2019-06-17,476.0,,0.0,Neutral
2019-06-18,475.0,,0.0,Neutral
2019-06-19,468.0,,0.0,Neutral
2019-06-20,472.0,,0.0,Neutral
2019-06-23,480.0,,0.0,Neutral
2019-06-24,477.0,,0.0,Neutral
2019-06-25,483.0,,0.0,Neutral
2019-06-26,480.0,,0.0,Neutral
2019-06-27,482.0,,0.0,Neutral
2019-06-30,464.0,,0.0,Neutral
2019-07-01,462.0,,0.0,Neutral
2019-07-02,485.0,,0.0,Neutral
2019-07-03,489.0,,0.0,Neutral
2019-07-04,496.0,,0.0,Neutral
2019-07-07,487.0,,0.0,Neutral
2019-07-08,471.0,,0.0,Neutral
2019-07-09,465.0,,0.0,Neutral
2019-07-10,476.0,,0.0,Neutral
2019-07-11,485.0,,0.0,Neutral
2019-07-14,494.0,2019-07-14,0.7969615459442139,Strongly Positive
2019-07-15,491.0,,0.0,Neutral
2019-07-16,485.0,,0.0,Neutral
2019-07-17,508.0,,0.0,Neutral
2019-07-18,501.0,,0.0,Neutral
2019-07-21,501.0,,0.0,Neutral
2019-07-22,496.0,,0.0,Neutral
2019-07-23,490.0,,0.0,Neutral
2019-07-24,514.0,,0.0,Neutral
2019-07-25,503.0,,0.0,Neutral
2019-07-28,504.0,,0.0,Neutral
2019-07-29,525.0,,0.0,Neutral
2019-07-30,520.0,,0.0,Neutral
2019-07-31,572.0,2019-07-31,-0.3119229674339294,Negative
2019-08-01,608.0,,0.0,Neutral
2019-08-04,615.0,,0.0,Neutral
2019-08-05,577.0,,0.0,Neutral
2019-08-06,574.0,,0.0,Neutral
2019-08-07,588.0,,0.0,Neutral
2019-08-08,612.0,,0.0,Neutral
2019-08-11,600.0,,0.0,Neutral
2019-08-12,590.0,,0.0,Neutral
2019-08-13,587.0,,0.0,Neutral
2019-08-14,612.0,,0.0,Neutral
2019-08-15,601.0,,0.0,Neutral
2019-08-18,600.0,,0.0,Neutral
2019-08-19,604.0,,0.0,Neutral
2019-08-20,593.0,,0.0,Neutral
2019-08-21,588.0,,0.0,Neutral
2019-08-22,595.0,,0.0,Neutral
2019-08-25,587.0,,0.0,Neutral
2019-08-26,580.0,,0.0,Neutral
2019-08-27,583.0,,0.0,Neutral
2019-08-28,583.0,,0.0,Neutral
2019-08-29,575.0,,0.0,Neutral
2019-09-01,566.0,,0.0,Neutral
2019-09-02,561.0,,0.0,Neutral
2019-09-03,581.0,,0.0,Neutral
2019-09-04,580.0,,0.0,Neutral
2019-09-05,576.0,,0.0,Neutral
2019-09-08,584.0,,0.0,Neutral
2019-09-09,576.0,,0.0,Neutral
2019-09-10,566.0,,0.0,Neutral
2019-09-11,575.0,,0.0,Neutral
2019-09-12,564.0,,0.0,Neutral
2019-09-15,542.0,,0.0,Neutral
2019-09-16,523.0,,0.0,Neutral
2019-09-17,525.0,,0.0,Neutral
2019-09-18,560.0,,0.0,Neutral
2019-09-19,560.0,,0.0,Neutral
2019-09-22,566.0,,0.0,Neutral
2019-09-23,558.0,,0.0,Neutral
2019-09-24,550.0,,0.0,Neutral
2019-09-25,561.0,,0.0,Neutral
2019-09-26,539.0,,0.0,Neutral
2019-09-29,530.0,,0.0,Neutral
2019-09-30,525.0,,0.0,Neutral
2019-10-01,545.0,,0.0,Neutral
2019-10-02,555.0,,0.0,Neutral
2019-10-03,555.0,,0.0,Neutral
2019-10-14,550.0,,0.0,Neutral
2019-10-15,555.0,,0.0,Neutral
2019-10-16,555.0,,0.0,Neutral
2019-10-17,565.0,,0.0,Neutral
2019-10-20,550.0,,0.0,Neutral
2019-10-21,547.0,,0.0,Neutral
2019-10-22,561.0,,0.0,Neutral
2019-10-23,572.0,,0.0,Neutral
2019-10-24,575.0,,0.0,Neutral
2019-10-31,575.0,,0.0,Neutral
2019-11-03,564.0,,0.0,Neutral
2019-11-04,575.0,,0.0,Neutral
2019-11-05,568.0,,0.0,Neutral
2019-11-06,560.0,,0.0,Neutral
2019-11-07,560.0,,0.0,Neutral
2019-11-10,575.0,2019-11-10,0.2705555856227875,Positive
2019-11-11,604.0,,0.0,Neutral
2019-11-12,579.0,,0.0,Neutral
2019-11-13,590.0,,0.0,Neutral
2019-11-14,589.0,,0.0,Neutral
2019-11-17,597.0,2019-11-17,0.1067295372486114,Slightly Positive
2019-11-18,583.0,,0.0,Neutral
2019-11-19,590.0,,0.0,Neutral
2019-11-20,589.0,,0.0,Neutral
2019-11-21,580.0,,0.0,Neutral
2019-11-24,579.0,,0.0,Neutral
2019-11-25,580.0,,0.0,Neutral
2019-11-26,585.0,,0.0,Neutral
2019-11-27,585.0,,0.0,Neutral
2019-11-28,595.0,,0.0,Neutral
2019-12-01,600.0,,0.0,Neutral
2019-12-02,606.0,,0.0,Neutral
2019-12-03,600.0,,0.0,Neutral
2019-12-04,624.0,,0.0,Neutral
2019-12-05,630.0,,0.0,Neutral
2019-12-08,629.0,,0.0,Neutral
2019-12-09,676.0,2019-12-09,0.8840206861495972,Strongly Positive
2019-12-10,674.0,,0.0,Neutral
2019-12-11,696.0,,0.0,Neutral
2019-12-12,689.0,,0.0,Neutral
2019-12-15,669.0,,0.0,Neutral
2019-12-16,659.0,,0.0,Neutral
2019-12-17,672.0,,0.0,Neutral
2019-12-18,680.0,,0.0,Neutral
2019-12-19,691.0,2019-12-19,0.9190074801445008,Strongly Positive
2019-12-22,717.0,,0.0,Neutral
2019-12-23,721.0,,0.0,Neutral
2019-12-24,722.0,,0.0,Neutral
2019-12-25,716.0,,0.0,Neutral
2019-12-26,717.0,2019-12-26,0.9340896606445312,Strongly Positive
2019-12-29,615.0,,0.0,Neutral
2019-12-30,620.0,,0.0,Neutral
2019-12-31,625.0,,0.0,Neutral
2020-01-01,652.0,,0.0,Neutral
2020-01-02,666.0,,0.0,Neutral
2020-01-05,697.0,,0.0,Neutral
2020-01-06,729.0,,0.0,Neutral
2020-01-07,745.0,,0.0,Neutral
2020-01-08,736.0,,0.0,Neutral
2020-01-09,803.0,,0.0,Neutral
2020-01-12,840.0,,0.0,Neutral
2020-01-13,794.0,,0.0,Neutral
2020-01-14,796.0,,0.0,Neutral
2020-01-15,859.0,,0.0,Neutral
2020-01-16,892.0,,0.0,Neutral
2020-01-19,889.0,,0.0,Neutral
2020-01-20,849.0,2020-01-20,0.9137161374092102,Strongly Positive
2020-01-21,881.0,,0.0,Neutral
2020-01-22,851.0,,0.0,Neutral
2020-01-23,860.0,,0.0,Neutral
2020-01-26,836.0,,0.0,Neutral
2020-01-27,869.0,,0.0,Neutral
2020-01-28,868.0,,0.0,Neutral
2020-01-29,929.0,,0.0,Neutral
2020-01-30,995.0,,0.0,Neutral
2020-02-02,997.0,,0.0,Neutral
2020-02-03,971.0,,0.0,Neutral
2020-02-04,1020.0,2020-02-04,-0.90365469455719,Strongly Negative
2020-02-05,1022.0,,0.0,Neutral
2020-02-06,1035.0,,0.0,Neutral
2020-02-09,1054.0,,0.0,Neutral
2020-02-10,1069.0,,0.0,Neutral
2020-02-11,1061.0,,0.0,Neutral
2020-02-12,1078.0,,0.0,Neutral
2020-02-13,1100.0,,0.0,Neutral
2020-02-16,1132.0,,0.0,Neutral
2020-02-17,1142.0,,0.0,Neutral
2020-02-18,1140.0,,0.0,Neutral
2020-02-19,1193.0,,0.0,Neutral
2020-02-20,1250.0,,0.0,Neutral
2020-02-23,1275.0,,0.0,Neutral
2020-02-24,1249.0,2020-02-24,0.2999306619167328,Positive
2020-02-25,1250.0,,0.0,Neutral
2020-02-26,1265.0,,0.0,Neutral
2020-02-27,1250.0,,0.0,Neutral
2020-03-01,1172.0,,0.0,Neutral
2020-03-02,1122.0,,0.0,Neutral
2020-03-03,1042.0,,0.0,Neutral
2020-03-04,965.0,,0.0,Neutral
2020-03-05,1023.0,,0.0,Neutral
2020-03-10,995.0,,0.0,Neutral
2020-03-11,1040.0,,0.0,Neutral
2020-03-12,1000.0,,0.0,Neutral
2020-03-15,943.0,,0.0,Neutral
2020-03-16,950.0,,0.0,Neutral
2020-03-17,875.0,,0.0,Neutral
2020-03-18,890.0,,0.0,Neutral
2020-03-19,900.0,,0.0,Neutral
2020-05-13,882.0,,0.0,Neutral
2020-06-29,832.0,,0.0,Neutral
2020-06-30,915.0,,0.0,Neutral
2020-07-01,989.0,,0.0,Neutral
2020-07-02,980.0,,0.0,Neutral
2020-07-05,955.0,,0.0,Neutral
2020-07-06,975.0,,0.0,Neutral
2020-07-07,990.0,,0.0,Neutral
2020-07-08,954.0,,0.0,Neutral
2020-07-09,978.0,,0.0,Neutral
2020-07-12,1007.0,,0.0,Neutral
2020-07-13,1005.0,,0.0,Neutral
2020-07-14,1030.0,,0.0,Neutral
2020-07-15,1020.0,,0.0,Neutral
2020-07-16,1000.0,,0.0,Neutral
2020-07-19,1020.0,,0.0,Neutral
2020-07-20,1057.0,,0.0,Neutral
2020-07-21,990.0,,0.0,Neutral
2020-07-22,975.0,,0.0,Neutral
2020-07-23,980.0,,0.0,Neutral
2020-07-26,999.0,,0.0,Neutral
2020-07-27,990.0,,0.0,Neutral
2020-07-28,980.0,,0.0,Neutral
2020-07-29,925.0,,0.0,Neutral
2020-07-30,931.0,,0.0,Neutral
2020-08-02,924.0,,0.0,Neutral
2020-08-03,912.0,,0.0,Neutral
2020-08-05,894.0,,0.0,Neutral
2020-08-06,890.0,,0.0,Neutral
2020-08-09,880.0,,0.0,Neutral
2020-08-10,948.0,,0.0,Neutral
2020-08-11,935.0,,0.0,Neutral
2020-08-12,922.0,,0.0,Neutral
2020-08-13,900.0,,0.0,Neutral
2020-08-16,874.0,,0.0,Neutral
2020-08-17,882.0,,0.0,Neutral
2020-08-18,883.0,,0.0,Neutral
2020-08-19,869.0,,0.0,Neutral
2020-08-20,878.0,,0.0,Neutral
2020-08-23,877.0,2020-08-23,-0.6888811588287354,Strongly Negative
2020-08-24,904.0,,0.0,Neutral
2020-08-25,930.0,,0.0,Neutral
2020-08-26,962.0,,0.0,Neutral
2020-08-27,952.0,,0.0,Neutral
2020-08-30,951.0,,0.0,Neutral
2020-08-31,935.0,,0.0,Neutral
2020-09-02,947.0,,0.0,Neutral
2020-09-03,964.0,,0.0,Neutral
2020-09-06,935.0,,0.0,Neutral
2020-09-07,934.0,,0.0,Neutral
2020-09-08,925.0,,0.0,Neutral
2020-09-09,939.0,,0.0,Neutral
2020-09-10,953.0,,0.0,Neutral
2020-09-13,952.0,,0.0,Neutral
2020-09-14,935.0,,0.0,Neutral
2020-09-15,933.0,,0.0,Neutral
2020-09-16,924.0,,0.0,Neutral
2020-09-17,972.0,,0.0,Neutral
2020-09-20,950.0,,0.0,Neutral
2020-09-21,940.0,,0.0,Neutral
2020-09-22,926.0,,0.0,Neutral
2020-09-23,926.0,,0.0,Neutral
2020-09-24,925.0,,0.0,Neutral
2020-09-27,924.0,,0.0,Neutral
2020-09-28,915.0,,0.0,Neutral
2020-09-29,911.0,,0.0,Neutral
2020-09-30,910.0,,0.0,Neutral
2020-10-01,915.0,,0.0,Neutral
2020-10-04,914.0,,0.0,Neutral
2020-10-05,930.0,,0.0,Neutral
2020-10-06,925.0,2020-10-06,0.8596519827842712,Strongly Positive
2020-10-07,925.0,,0.0,Neutral
2020-10-08,924.0,,0.0,Neutral
2020-10-11,910.0,,0.0,Neutral
2020-10-12,914.0,,0.0,Neutral
2020-10-13,910.0,,0.0,Neutral
2020-10-14,907.0,,0.0,Neutral
2020-10-15,910.0,,0.0,Neutral
2020-10-18,903.0,,0.0,Neutral
2020-10-19,910.0,,0.0,Neutral
2020-10-20,924.0,,0.0,Neutral
2020-10-21,920.0,,0.0,Neutral
2020-10-22,947.0,,0.0,Neutral
2020-10-28,929.0,,0.0,Neutral
2020-10-29,924.0,,0.0,Neutral
2020-11-01,943.0,,0.0,Neutral
2020-11-02,970.0,,0.0,Neutral
2020-11-03,962.0,,0.0,Neutral
2020-11-04,971.0,,0.0,Neutral
2020-11-05,967.0,,0.0,Neutral
2020-11-08,979.0,,0.0,Neutral
2020-11-09,986.0,,0.0,Neutral
2020-11-10,960.0,2020-11-10,0.044414073228836,Neutral
2020-11-11,946.0,,0.0,Neutral
2020-11-12,948.0,,0.0,Neutral
2020-11-18,939.0,,0.0,Neutral
2020-11-19,960.0,,0.0,Neutral
2020-11-22,969.0,,0.0,Neutral
2020-11-23,940.0,,0.0,Neutral
2020-11-24,970.0,,0.0,Neutral
2020-11-25,1030.0,,0.0,Neutral
2020-11-26,1034.0,,0.0,Neutral
2020-11-29,1035.0,,0.0,Neutral
2020-11-30,1036.0,2020-11-30,0.01422851486131545,Neutral
2020-12-01,1020.0,,0.0,Neutral
2020-12-02,1122.0,,0.0,Neutral
2020-12-03,1140.0,,0.0,Neutral
2020-12-06,1038.0,,0.0,Neutral
2020-12-07,1090.0,,0.0,Neutral
2020-12-08,1065.0,,0.0,Neutral
2020-12-09,1074.0,,0.0,Neutral
2020-12-10,1086.0,,0.0,Neutral
2020-12-13,1118.0,,0.0,Neutral
2020-12-14,1200.0,,0.0,Neutral
2020-12-15,1248.0,2020-12-15,0.9311710000038148,Strongly Positive
2020-12-16,1231.0,,0.0,Neutral
2020-12-17,1250.0,,0.0,Neutral
2020-12-20,1170.0,,0.0,Neutral
2020-12-21,1191.0,2020-12-21,0.9205090403556824,Strongly Positive
2020-12-22,1273.0,2020-12-22,0.9309565424919128,Strongly Positive
2020-12-23,1245.0,,0.0,Neutral
2020-12-24,1215.0,2020-12-24,0.9300982356071472,Strongly Positive
2020-12-27,1185.0,,0.0,Neutral
2020-12-28,1188.0,,0.0,Neutral
2020-12-29,1200.0,,0.0,Neutral
2020-12-30,1225.0,,0.0,Neutral
2020-12-31,1271.0,2020-12-31,0.9244701266288756,Strongly Positive
2021-01-03,1110.0,,0.0,Neutral
2021-01-04,1080.0,,0.0,Neutral
2021-01-05,1056.0,,0.0,Neutral
2021-01-06,1085.0,,0.0,Neutral
2021-01-07,1095.0,,0.0,Neutral
2021-01-10,1118.0,,0.0,Neutral
2021-01-11,1098.0,,0.0,Neutral
2021-01-12,1119.0,,0.0,Neutral
2021-01-13,1154.0,,0.0,Neutral
2021-01-17,1225.0,,0.0,Neutral
2021-01-18,1240.0,,0.0,Neutral
2021-01-19,1225.0,,0.0,Neutral
2021-01-20,1247.0,,0.0,Neutral
2021-01-21,1350.0,,0.0,Neutral
2021-01-24,1457.0,,0.0,Neutral
2021-01-25,1449.0,2021-01-25,0.9309408664703368,Strongly Positive
2021-01-26,1408.0,,0.0,Neutral
2021-01-27,1420.0,,0.0,Neutral
2021-01-28,1480.0,,0.0,Neutral
2021-01-31,1422.0,,0.0,Neutral
2021-02-01,1396.0,,0.0,Neutral
2021-02-02,1446.0,,0.0,Neutral
2021-02-03,1434.0,,0.0,Neutral
2021-02-04,1505.0,,0.0,Neutral
2021-02-07,1615.0,2021-02-07,-0.3257712125778198,Negative
2021-02-08,1580.0,,0.0,Neutral
2021-02-09,1545.0,,0.0,Neutral
2021-02-10,1548.0,2021-02-10,0.932350754737854,Strongly Positive
2021-02-11,1493.0,,0.0,Neutral
2021-02-14,1471.0,,0.0,Neutral
2021-02-15,1618.0,2021-02-15,0.0480102635920047,Neutral
2021-02-16,1606.0,,0.0,Neutral
2021-02-17,1599.0,,0.0,Neutral
2021-02-18,1570.0,,0.0,Neutral
2021-02-21,1545.0,,0.0,Neutral
2021-02-22,1505.0,,0.0,Neutral
2021-02-23,1540.0,,0.0,Neutral
2021-02-24,1525.0,,0.0,Neutral
2021-02-25,1480.0,,0.0,Neutral
2021-02-28,1446.0,,0.0,Neutral
2021-03-01,1493.0,,0.0,Neutral
2021-03-02,1458.0,,0.0,Neutral
2021-03-03,1440.0,,0.0,Neutral
2021-03-04,1490.0,,0.0,Neutral
2021-03-07,1460.0,,0.0,Neutral
2021-03-09,1460.0,,0.0,Neutral
2021-03-10,1430.0,,0.0,Neutral
2021-03-14,1376.0,,0.0,Neutral
2021-03-15,1385.0,,0.0,Neutral
2021-03-16,1399.0,,0.0,Neutral
2021-03-17,1430.0,,0.0,Neutral
2021-03-18,1491.0,,0.0,Neutral
2021-03-21,1589.0,,0.0,Neutral
2021-03-22,1550.0,,0.0,Neutral
2021-03-23,1580.0,,0.0,Neutral
2021-03-24,1601.0,,0.0,Neutral
2021-03-25,1575.0,,0.0,Neutral
2021-03-29,1610.0,,0.0,Neutral
2021-03-30,1670.0,2021-03-30,0.9215835332870485,Strongly Positive
2021-03-31,1665.0,,0.0,Neutral
2021-04-01,1640.0,,0.0,Neutral
2021-04-04,1627.0,,0.0,Neutral
2021-04-05,1637.0,2021-04-05,0.8881441354751587,Strongly Positive
2021-04-06,1660.0,,0.0,Neutral
2021-04-07,1689.0,,0.0,Neutral
2021-04-08,1745.0,,0.0,Neutral
2021-04-12,1818.0,,0.0,Neutral
2021-04-13,1803.0,,0.0,Neutral
2021-04-15,1785.0,,0.0,Neutral
2021-04-18,1769.0,,0.0,Neutral
2021-04-19,1775.0,,0.0,Neutral
2021-04-20,1778.0,,0.0,Neutral
2021-04-21,1750.0,,0.0,Neutral
2021-04-22,1792.0,,0.0,Neutral
2021-04-25,1723.0,,0.0,Neutral
2021-04-26,1685.0,,0.0,Neutral
2021-04-27,1795.0,,0.0,Neutral
2021-04-28,1769.0,,0.0,Neutral
2021-04-29,1761.0,,0.0,Neutral
2021-05-02,1835.0,,0.0,Neutral
2021-05-03,1909.0,,0.0,Neutral
2021-05-04,1925.0,,0.0,Neutral
2021-05-05,1893.0,,0.0,Neutral
2021-05-06,1840.0,,0.0,Neutral
2021-05-09,1830.0,,0.0,Neutral
2021-05-10,1860.0,,0.0,Neutral
2021-05-11,1897.0,,0.0,Neutral
2021-05-12,1871.0,,0.0,Neutral
2021-05-13,1867.0,,0.0,Neutral
2021-05-16,1905.0,2021-05-16,0.8939490914344788,Strongly Positive
2021-05-17,1902.0,,0.0,Neutral
2021-05-18,1921.0,,0.0,Neutral
2021-05-19,1887.0,,0.0,Neutral
2021-05-20,1895.0,,0.0,Neutral
2021-05-23,1892.0,,0.0,Neutral
2021-05-24,1899.0,,0.0,Neutral
2021-05-25,1873.0,,0.0,Neutral
2021-05-27,1816.0,,0.0,Neutral
2021-05-30,1800.0,,0.0,Neutral
2021-05-31,1790.0,,0.0,Neutral
2021-06-01,1767.0,,0.0,Neutral
2021-06-02,1795.0,,0.0,Neutral
2021-06-03,1807.0,,0.0,Neutral
2021-06-06,1795.0,,0.0,Neutral
2021-06-07,1789.0,,0.0,Neutral
2021-06-08,1780.0,,0.0,Neutral
2021-06-09,1770.0,,0.0,Neutral
2021-06-10,1772.0,,0.0,Neutral
2021-06-13,1765.0,,0.0,Neutral
2021-06-14,1780.0,,0.0,Neutral
2021-06-15,1746.0,,0.0,Neutral
2021-06-16,1805.0,,0.0,Neutral
2021-06-17,1780.0,,0.0,Neutral
2021-06-20,1759.0,,0.0,Neutral
2021-06-21,1708.0,,0.0,Neutral
2021-06-22,1708.0,,0.0,Neutral
2021-06-23,1675.0,,0.0,Neutral
2021-06-24,1660.0,,0.0,Neutral
2021-06-27,1663.0,,0.0,Neutral
2021-06-28,1714.0,,0.0,Neutral
2021-06-29,1738.0,,0.0,Neutral
2021-06-30,1705.0,,0.0,Neutral
2021-07-01,1700.0,,0.0,Neutral
2021-07-04,1702.0,,0.0,Neutral
2021-07-05,1701.0,,0.0,Neutral
2021-07-06,1706.0,,0.0,Neutral
2021-07-07,1725.0,,0.0,Neutral
2021-07-08,1764.0,,0.0,Neutral
2021-07-11,1808.0,,0.0,Neutral
2021-07-12,1779.0,,0.0,Neutral
2021-07-13,1785.0,,0.0,Neutral
2021-07-14,1791.0,,0.0,Neutral
2021-07-15,1819.0,,0.0,Neutral
2021-07-18,1870.0,,0.0,Neutral
2021-07-19,1855.1,,0.0,Neutral
2021-07-20,1850.0,,0.0,Neutral
2021-07-22,1847.0,,0.0,Neutral
2021-07-25,1860.0,,0.0,Neutral
2021-07-26,1912.0,,0.0,Neutral
2021-07-27,1867.0,,0.0,Neutral
2021-07-28,1884.0,,0.0,Neutral
2021-07-29,1902.0,,0.0,Neutral
2021-08-01,1917.0,,0.0,Neutral
2021-08-02,1912.0,,0.0,Neutral
2021-08-03,2024.0,,0.0,Neutral
2021-08-04,1936.0,,0.0,Neutral
2021-08-05,1920.0,,0.0,Neutral
2021-08-08,1875.0,,0.0,Neutral
2021-08-09,1835.0,,0.0,Neutral
2021-08-10,1874.0,2021-08-10,0.03440722823143,Neutral
2021-08-11,1841.0,,0.0,Neutral
2021-08-12,1840.0,,0.0,Neutral
2021-08-15,1895.0,,0.0,Neutral
2021-08-16,1897.9,,0.0,Neutral
2021-08-17,1861.0,,0.0,Neutral
2021-08-18,1863.0,,0.0,Neutral
2021-08-19,1860.0,,0.0,Neutral
2021-08-24,1830.0,,0.0,Neutral
2021-08-25,1829.0,,0.0,Neutral
2021-08-26,1814.9,,0.0,Neutral
2021-08-29,1790.0,,0.0,Neutral
2021-08-31,1713.0,,0.0,Neutral
2021-09-01,1725.0,2021-09-01,0.8887598514556885,Strongly Positive
2021-09-02,1723.0,,0.0,Neutral
2021-09-05,1667.0,,0.0,Neutral
2021-09-06,1730.0,,0.0,Neutral
2021-09-07,1691.0,,0.0,Neutral
2021-09-08,1660.0,,0.0,Neutral
2021-09-09,1678.0,,0.0,Neutral
2021-09-12,1725.0,,0.0,Neutral
2021-09-13,1685.0,,0.0,Neutral
2021-09-14,1690.0,,0.0,Neutral
2021-09-15,1674.5,,0.0,Neutral
2021-09-16,1600.0,,0.0,Neutral
2021-09-20,1575.0,,0.0,Neutral
2021-09-21,1596.0,,0.0,Neutral
2021-09-22,1630.0,,0.0,Neutral
2021-09-23,1625.0,,0.0,Neutral
2021-09-26,1566.3,,0.0,Neutral
2021-09-27,1516.0,,0.0,Neutral
2021-09-28,1529.0,,0.0,Neutral
2021-09-29,1560.0,,0.0,Neutral
2021-09-30,1568.9,,0.0,Neutral
2021-10-03,1520.0,,0.0,Neutral
2021-10-04,1540.0,,0.0,Neutral
2021-10-05,1613.6,,0.0,Neutral
2021-10-06,1720.0,,0.0,Neutral
2021-10-10,1690.0,,0.0,Neutral
2021-10-11,1640.0,,0.0,Neutral
2021-10-17,1669.9,,0.0,Neutral
2021-10-18,1580.0,,0.0,Neutral
2021-10-19,1521.0,,0.0,Neutral
2021-10-20,1559.0,,0.0,Neutral
2021-10-21,1546.0,,0.0,Neutral
2021-10-24,1541.0,,0.0,Neutral
2021-10-25,1590.0,,0.0,Neutral
2021-10-26,1610.0,,0.0,Neutral
2021-10-27,1610.0,,0.0,Neutral
2021-10-28,1675.0,,0.0,Neutral
2021-10-31,1703.2,,0.0,Neutral
2021-11-01,1680.0,,0.0,Neutral
2021-11-02,1680.0,,0.0,Neutral
2021-11-03,1750.0,,0.0,Neutral
2021-11-08,1685.0,,0.0,Neutral
2021-11-09,1621.0,,0.0,Neutral
2021-11-11,1626.0,,0.0,Neutral
2021-11-14,1650.0,,0.0,Neutral
2021-11-15,1690.0,,0.0,Neutral
2021-11-16,1650.0,2021-11-16,0.901717245578766,Strongly Positive
2021-11-17,1675.0,,0.0,Neutral
2021-11-18,1630.0,,0.0,Neutral
2021-11-21,1603.0,,0.0,Neutral
2021-11-22,1595.3,,0.0,Neutral
2021-11-23,1546.8,,0.0,Neutral
2021-11-24,1559.5,,0.0,Neutral
2021-11-25,1541.0,,0.0,Neutral
2021-11-28,1472.0,,0.0,Neutral
2021-11-29,1484.0,,0.0,Neutral
2021-11-30,1508.8,2021-11-30,0.856306791305542,Strongly Positive
2021-12-01,1490.0,,0.0,Neutral
2021-12-02,1460.3,,0.0,Neutral
2021-12-05,1404.1,,0.0,Neutral
2021-12-06,1398.0,,0.0,Neutral
2021-12-07,1410.0,,0.0,Neutral
2021-12-08,1370.0,,0.0,Neutral
2021-12-09,1395.0,,0.0,Neutral
2021-12-12,1339.8,,0.0,Neutral
2021-12-13,1275.0,,0.0,Neutral
2021-12-14,1356.0,,0.0,Neutral
2021-12-15,1370.0,,0.0,Neutral
2021-12-16,1320.0,,0.0,Neutral
2021-12-20,1330.0,,0.0,Neutral
2021-12-21,1380.0,,0.0,Neutral
2021-12-22,1442.0,,0.0,Neutral
2021-12-23,1476.0,,0.0,Neutral
2021-12-26,1527.0,2021-12-26,0.9074193239212036,Strongly Positive
2021-12-27,1270.0,,0.0,Neutral
2021-12-28,1248.0,,0.0,Neutral
2021-12-29,1242.0,,0.0,Neutral
2022-01-02,1270.0,,0.0,Neutral
2022-01-03,1330.0,,0.0,Neutral
2022-01-04,1385.0,,0.0,Neutral
2022-01-05,1322.0,,0.0,Neutral
2022-01-06,1336.0,,0.0,Neutral
2022-01-09,1351.0,,0.0,Neutral
2022-01-10,1360.0,,0.0,Neutral
2022-01-11,1430.0,,0.0,Neutral
2022-01-12,1392.0,,0.0,Neutral
2022-01-13,1455.0,,0.0,Neutral
2022-01-16,1494.0,,0.0,Neutral
2022-01-17,1480.0,,0.0,Neutral
2022-01-18,1459.0,,0.0,Neutral
2022-01-19,1427.0,,0.0,Neutral
2022-01-20,1447.0,,0.0,Neutral
2022-01-23,1430.0,,0.0,Neutral
2022-01-24,1384.0,,0.0,Neutral
2022-01-25,1389.0,,0.0,Neutral
2022-01-26,1355.2,,0.0,Neutral
2022-01-27,1331.0,,0.0,Neutral
2022-01-30,1375.0,,0.0,Neutral
2022-01-31,1400.0,,0.0,Neutral
2022-02-01,1423.0,,0.0,Neutral
2022-02-03,1395.0,,0.0,Neutral
2022-02-06,1360.0,,0.0,Neutral
2022-02-07,1375.0,,0.0,Neutral
2022-02-08,1377.0,,0.0,Neutral
2022-02-09,1349.7,,0.0,Neutral
2022-02-10,1332.0,,0.0,Neutral
2022-02-13,1280.0,,0.0,Neutral
2022-02-14,1280.0,,0.0,Neutral
2022-02-15,1360.0,,0.0,Neutral
2022-02-16,1321.0,,0.0,Neutral
2022-02-17,1305.0,,0.0,Neutral
2022-02-20,1267.0,,0.0,Neutral
2022-02-21,1261.3,,0.0,Neutral
2022-02-22,1280.1,,0.0,Neutral
2022-02-23,1272.0,2022-02-23,0.032625563442707,Neutral
2022-02-24,1260.0,,0.0,Neutral
2022-02-27,1240.0,,0.0,Neutral
2022-02-28,1248.0,,0.0,Neutral
2022-03-02,1225.2,,0.0,Neutral
2022-03-06,1201.0,,0.0,Neutral
2022-03-07,1190.0,,0.0,Neutral
2022-03-09,1161.0,,0.0,Neutral
2022-03-10,1252.0,,0.0,Neutral
2022-03-13,1275.0,,0.0,Neutral
2022-03-14,1255.0,,0.0,Neutral
2022-03-15,1240.0,,0.0,Neutral
2022-03-16,1240.0,,0.0,Neutral
2022-03-20,1244.0,,0.0,Neutral
2022-03-21,1248.0,,0.0,Neutral
2022-03-22,1240.0,,0.0,Neutral
2022-03-23,1240.0,,0.0,Neutral
2022-03-24,1242.0,,0.0,Neutral
2022-03-27,1220.0,,0.0,Neutral
2022-03-28,1195.0,,0.0,Neutral
2022-03-29,1181.0,,0.0,Neutral
2022-03-30,1214.0,,0.0,Neutral
2022-03-31,1208.0,,0.0,Neutral
2022-04-03,1185.0,,0.0,Neutral
2022-04-04,1185.0,,0.0,Neutral
2022-04-05,1141.0,,0.0,Neutral
2022-04-06,1130.0,,0.0,Neutral
2022-04-07,1147.0,2022-04-07,0.9045673608779908,Strongly Positive
2022-04-11,1112.4,,0.0,Neutral
2022-04-12,1132.0,,0.0,Neutral
2022-04-13,1118.0,2022-04-13,0.903799533843994,Strongly Positive
2022-04-17,1100.0,,0.0,Neutral
2022-04-18,1080.0,,0.0,Neutral
2022-04-19,1090.0,,0.0,Neutral
2022-04-20,1090.3,,0.0,Neutral
2022-04-21,1075.0,,0.0,Neutral
2022-04-24,1131.0,,0.0,Neutral
2022-04-25,1111.0,,0.0,Neutral
2022-04-26,1096.0,,0.0,Neutral
2022-04-27,1086.0,,0.0,Neutral
2022-04-28,1055.0,,0.0,Neutral
2022-05-02,1031.0,,0.0,Neutral
2022-05-04,1049.0,,0.0,Neutral
2022-05-05,1034.9,,0.0,Neutral
2022-05-08,1025.0,,0.0,Neutral
2022-05-09,1066.0,,0.0,Neutral
2022-05-10,1087.0,,0.0,Neutral
2022-05-11,1108.0,,0.0,Neutral
2022-05-12,1076.0,,0.0,Neutral
2022-05-17,1034.0,,0.0,Neutral
2022-05-18,1034.2,,0.0,Neutral
2022-05-19,1025.0,,0.0,Neutral
2022-05-20,1025.0,,0.0,Neutral
2022-05-23,982.0,,0.0,Neutral
2022-05-24,1025.0,,0.0,Neutral
2022-05-25,1037.0,,0.0,Neutral
2022-05-26,1010.0,,0.0,Neutral
2022-05-27,1001.0,,0.0,Neutral
2022-05-30,987.0,,0.0,Neutral
2022-05-31,988.0,,0.0,Neutral
2022-06-01,955.0,,0.0,Neutral
2022-06-02,957.0,,0.0,Neutral
2022-06-03,947.0,,0.0,Neutral
2022-06-06,958.0,,0.0,Neutral
2022-06-07,926.0,,0.0,Neutral
2022-06-08,950.0,,0.0,Neutral
2022-06-09,965.0,,0.0,Neutral
2022-06-10,954.0,,0.0,Neutral
2022-06-13,958.0,,0.0,Neutral
2022-06-14,950.0,,0.0,Neutral
2022-06-15,920.0,,0.0,Neutral
2022-06-16,948.0,,0.0,Neutral
2022-06-17,940.0,,0.0,Neutral
2022-06-19,922.1,,0.0,Neutral
2022-06-20,877.0,,0.0,Neutral
2022-06-21,902.9,,0.0,Neutral
2022-06-22,880.0,,0.0,Neutral
2022-06-23,847.0,,0.0,Neutral
2022-06-24,875.0,,0.0,Neutral
2022-06-26,939.0,,0.0,Neutral
2022-06-27,923.0,,0.0,Neutral
2022-06-28,900.0,,0.0,Neutral
2022-06-29,945.0,,0.0,Neutral
2022-06-30,1009.0,,0.0,Neutral
2022-07-01,995.0,,0.0,Neutral
2022-07-03,1035.0,,0.0,Neutral
2022-07-04,995.0,,0.0,Neutral
2022-07-05,978.0,,0.0,Neutral
2022-07-06,988.0,,0.0,Neutral
2022-07-07,984.0,,0.0,Neutral
2022-07-08,949.0,,0.0,Neutral
2022-07-11,882.0,,0.0,Neutral
2022-07-12,887.0,,0.0,Neutral
2022-07-13,930.0,,0.0,Neutral
2022-07-14,943.0,,0.0,Neutral
2022-07-15,940.0,,0.0,Neutral
2022-07-17,970.0,,0.0,Neutral
2022-07-18,984.0,,0.0,Neutral
2022-07-19,991.0,2022-07-19,0.9325778484344482,Strongly Positive
2022-07-20,1005.0,,0.0,Neutral
2022-07-21,1019.0,,0.0,Neutral
2022-07-22,999.6,,0.0,Neutral
2022-07-24,1050.0,,0.0,Neutral
2022-07-25,1090.0,,0.0,Neutral
2022-07-26,1058.0,,0.0,Neutral
2022-07-27,1095.0,,0.0,Neutral
2022-07-28,1085.0,,0.0,Neutral
2022-07-29,1094.0,,0.0,Neutral
2022-07-31,1082.0,,0.0,Neutral
2022-08-01,1075.0,,0.0,Neutral
2022-08-02,1074.9,,0.0,Neutral
2022-08-03,1103.0,,0.0,Neutral
2022-08-04,1079.0,,0.0,Neutral
2022-08-05,1045.0,,0.0,Neutral
2022-08-07,1043.0,,0.0,Neutral
2022-08-08,1063.0,,0.0,Neutral
2022-08-09,1030.0,,0.0,Neutral
2022-08-10,1026.0,,0.0,Neutral
2022-08-11,990.0,2022-08-11,0.0227539464831352,Neutral
2022-08-14,960.0,,0.0,Neutral
2022-08-15,1010.0,,0.0,Neutral
2022-08-16,986.0,,0.0,Neutral
2022-08-17,979.0,,0.0,Neutral
2022-08-18,990.2,,0.0,Neutral
2022-08-21,986.0,,0.0,Neutral
2022-08-22,970.0,2022-08-22,0.0184371341019868,Neutral
2022-08-23,986.9,,0.0,Neutral
2022-08-24,971.3,,0.0,Neutral
2022-08-25,965.0,,0.0,Neutral
2022-08-26,977.0,,0.0,Neutral
2022-08-28,948.0,,0.0,Neutral
2022-08-29,946.0,,0.0,Neutral
2022-08-30,937.9,,0.0,Neutral
2022-08-31,940.0,,0.0,Neutral
2022-09-01,931.0,,0.0,Neutral
2022-09-02,945.0,,0.0,Neutral
2022-09-04,929.0,,0.0,Neutral
2022-09-05,928.0,,0.0,Neutral
2022-09-06,917.9,,0.0,Neutral
2022-09-07,916.0,,0.0,Neutral
2022-09-08,892.0,,0.0,Neutral
2022-09-11,877.1,,0.0,Neutral
2022-09-12,860.0,,0.0,Neutral
2022-09-13,880.0,,0.0,Neutral
2022-09-14,907.9,,0.0,Neutral
2022-09-15,889.0,,0.0,Neutral
2022-09-16,888.0,,0.0,Neutral
2022-09-18,856.8,,0.0,Neutral
2022-09-20,820.0,,0.0,Neutral
2022-09-21,820.0,,0.0,Neutral
2022-09-22,811.0,,0.0,Neutral
2022-09-25,795.1,,0.0,Neutral
2022-09-27,815.0,,0.0,Neutral
2022-09-28,849.2,,0.0,Neutral
2022-09-29,838.0,,0.0,Neutral
2022-10-09,882.3,,0.0,Neutral
2022-10-10,871.0,,0.0,Neutral
2022-10-11,843.0,,0.0,Neutral
2022-10-12,858.0,,0.0,Neutral
2022-10-13,843.0,,0.0,Neutral
2022-10-16,842.0,,0.0,Neutral
2022-10-17,831.0,,0.0,Neutral
2022-10-19,838.0,,0.0,Neutral
2022-10-20,840.0,,0.0,Neutral
2022-10-23,824.0,,0.0,Neutral
2022-10-31,830.0,,0.0,Neutral
2022-11-01,859.9,,0.0,Neutral
2022-11-02,862.0,,0.0,Neutral
2022-11-03,845.0,,0.0,Neutral
2022-11-06,890.0,,0.0,Neutral
2022-11-07,881.0,,0.0,Neutral
2022-11-08,857.0,,0.0,Neutral
2022-11-09,832.0,,0.0,Neutral
2022-11-10,830.0,,0.0,Neutral
2022-11-14,830.0,,0.0,Neutral
2022-11-15,815.0,,0.0,Neutral
2022-11-16,806.0,,0.0,Neutral
2022-11-17,834.0,,0.0,Neutral
2022-11-22,820.0,,0.0,Neutral
2022-11-23,810.0,,0.0,Neutral
2022-11-24,826.0,,0.0,Neutral
2022-11-27,854.0,,0.0,Neutral
2022-11-28,850.0,2022-11-28,0.826242983341217,Strongly Positive
2022-11-29,849.0,,0.0,Neutral
2022-11-30,849.0,,0.0,Neutral
2022-12-01,834.0,,0.0,Neutral
2022-12-04,848.0,,0.0,Neutral
2022-12-05,820.0,,0.0,Neutral
2022-12-06,820.0,,0.0,Neutral
2022-12-07,835.0,,0.0,Neutral
2022-12-11,829.2,,0.0,Neutral
2022-12-12,821.0,,0.0,Neutral
2022-12-13,825.0,2022-12-13,0.3639196753501892,Positive
2022-12-14,813.0,,0.0,Neutral
2022-12-15,810.0,,0.0,Neutral
2022-12-18,788.0,,0.0,Neutral
2022-12-19,814.4,,0.0,Neutral
2022-12-20,798.2,,0.0,Neutral
2022-12-21,797.0,,0.0,Neutral
2022-12-22,800.0,,0.0,Neutral
2022-12-26,831.0,,0.0,Neutral
2022-12-27,832.0,,0.0,Neutral
2022-12-28,834.0,,0.0,Neutral
2022-12-29,857.0,,0.0,Neutral
2023-01-01,850.0,,0.0,Neutral
2023-01-02,865.0,,0.0,Neutral
2023-01-03,893.0,,0.0,Neutral
2023-01-04,927.1,,0.0,Neutral
2023-01-05,930.0,,0.0,Neutral
2023-01-08,933.7,,0.0,Neutral
2023-01-09,964.0,,0.0,Neutral
2023-01-10,970.0,,0.0,Neutral
2023-01-12,939.0,,0.0,Neutral
2023-01-17,994.1,,0.0,Neutral
2023-01-18,990.0,,0.0,Neutral
2023-01-19,981.0,,0.0,Neutral
2023-01-23,965.0,,0.0,Neutral
2023-01-24,964.9,,0.0,Neutral
2023-01-25,979.0,,0.0,Neutral
2023-01-26,980.0,,0.0,Neutral
2023-01-29,953.1,,0.0,Neutral
2023-01-30,900.1,,0.0,Neutral
2023-01-31,912.0,,0.0,Neutral
2023-02-01,900.0,,0.0,Neutral
2023-02-02,897.0,,0.0,Neutral
2023-02-05,901.1,,0.0,Neutral
2023-02-06,899.0,,0.0,Neutral
2023-02-07,935.0,,0.0,Neutral
2023-02-08,912.0,,0.0,Neutral
2023-02-09,966.0,2023-02-09,0.6050607711076736,Strongly Positive
2023-02-15,920.0,,0.0,Neutral
2023-02-16,904.0,2023-02-16,0.8297063708305359,Strongly Positive
2023-02-20,890.0,,0.0,Neutral
2023-02-22,875.0,,0.0,Neutral
2023-02-23,787.5,,0.0,Neutral
2023-02-26,850.0,,0.0,Neutral
2023-02-27,831.0,,0.0,Neutral
2023-02-28,834.0,,0.0,Neutral
2023-03-01,829.0,,0.0,Neutral
2023-03-02,800.0,,0.0,Neutral
2023-03-05,765.0,,0.0,Neutral
2023-03-07,773.0,,0.0,Neutral
2023-03-09,786.0,,0.0,Neutral
2023-03-12,780.0,,0.0,Neutral
2023-03-13,785.0,,0.0,Neutral
2023-03-14,780.0,,0.0,Neutral
2023-03-15,775.0,2023-03-15,-0.1714332699775695,Slightly Negative
2023-03-16,751.0,,0.0,Neutral
2023-03-19,750.0,,0.0,Neutral
2023-03-20,758.1,2023-03-20,0.9180813431739808,Strongly Positive
2023-03-22,770.0,,0.0,Neutral
2023-03-23,760.0,,0.0,Neutral
2023-03-26,754.0,,0.0,Neutral
2023-03-27,740.0,,0.0,Neutral
2023-03-28,769.0,,0.0,Neutral
2023-03-29,790.0,2023-03-29,0.9198984503746032,Strongly Positive
2023-03-30,665.0,,0.0,Neutral
2023-04-02,620.5,,0.0,Neutral
2023-04-03,620.0,,0.0,Neutral
2023-04-04,618.0,,0.0,Neutral
2023-04-05,616.9,,0.0,Neutral
2023-04-06,622.0,,0.0,Neutral
2023-04-09,606.0,,0.0,Neutral
2023-04-10,600.0,,0.0,Neutral
2023-04-11,610.0,,0.0,Neutral
2023-04-12,665.0,,0.0,Neutral
2023-04-13,645.0,,0.0,Neutral
2023-04-16,630.0,,0.0,Neutral
2023-04-17,617.4,,0.0,Neutral
2023-04-18,608.3,,0.0,Neutral
2023-04-19,615.0,,0.0,Neutral
2023-04-20,615.0,,0.0,Neutral
2023-04-23,615.0,,0.0,Neutral
2023-04-24,615.0,,0.0,Neutral
2023-04-25,605.0,,0.0,Neutral
2023-04-26,602.1,,0.0,Neutral
2023-04-27,595.5,,0.0,Neutral
2023-04-30,596.0,,0.0,Neutral
2023-05-02,585.0,,0.0,Neutral
2023-05-03,584.0,,0.0,Neutral
2023-05-04,585.0,,0.0,Neutral
2023-05-07,575.0,,0.0,Neutral
2023-05-08,565.0,,0.0,Neutral
2023-05-09,565.5,,0.0,Neutral
2023-05-10,565.5,,0.0,Neutral
2023-05-11,573.9,,0.0,Neutral
2023-05-14,566.0,2023-05-14,0.8224393725395203,Strongly Positive
2023-05-15,561.0,,0.0,Neutral
2023-05-16,577.0,,0.0,Neutral
2023-05-17,573.0,,0.0,Neutral
2023-05-18,587.8,,0.0,Neutral
2023-05-21,590.0,,0.0,Neutral
2023-05-22,590.0,,0.0,Neutral
2023-05-23,635.0,,0.0,Neutral
2023-05-24,646.9,,0.0,Neutral
2023-05-28,629.0,,0.0,Neutral
2023-05-30,601.3,,0.0,Neutral
2023-05-31,593.6,,0.0,Neutral
2023-06-01,596.7,,0.0,Neutral
2023-06-04,613.1,,0.0,Neutral
2023-06-05,622.0,,0.0,Neutral
2023-06-06,627.0,,0.0,Neutral
2023-06-07,616.1,,0.0,Neutral
2023-06-08,610.0,,0.0,Neutral
2023-06-11,629.0,,0.0,Neutral
2023-06-12,622.0,,0.0,Neutral
2023-06-13,665.0,,0.0,Neutral
2023-06-14,662.1,,0.0,Neutral
2023-06-15,666.0,,0.0,Neutral
2023-06-18,699.0,,0.0,Neutral
2023-06-19,680.0,,0.0,Neutral
2023-06-20,660.2,,0.0,Neutral
2023-06-21,647.0,,0.0,Neutral
2023-06-22,640.0,2023-06-22,0.8926668763160706,Strongly Positive
2023-06-25,670.0,2023-06-25,0.8204337358474731,Strongly Positive
2023-06-26,691.0,,0.0,Neutral
2023-06-27,760.1,,0.0,Neutral
2023-06-28,735.0,,0.0,Neutral
2023-07-02,701.0,2023-07-02,0.7910954356193542,Strongly Positive
2023-07-03,701.0,,0.0,Neutral
2023-07-04,702.0,,0.0,Neutral
2023-07-05,700.0,,0.0,Neutral
2023-07-06,674.0,,0.0,Neutral
2023-07-09,692.0,,0.0,Neutral
2023-07-10,700.0,,0.0,Neutral
2023-07-11,699.0,2023-07-11,0.8122920989990234,Strongly Positive
2023-07-12,707.6,,0.0,Neutral
2023-07-13,713.0,,0.0,Neutral
2023-08-07,672.0,,0.0,Neutral
2023-08-08,625.0,,0.0,Neutral
2023-08-09,635.0,,0.0,Neutral
2023-08-10,635.0,,0.0,Neutral
2023-08-13,623.0,,0.0,Neutral
2023-08-14,614.2,,0.0,Neutral
2023-08-15,620.0,,0.0,Neutral
2023-08-16,611.9,,0.0,Neutral
2023-08-17,618.5,,0.0,Neutral
2023-08-20,606.0,,0.0,Neutral
2023-08-21,607.0,,0.0,Neutral
2023-08-22,606.0,,0.0,Neutral
2023-08-23,610.0,,0.0,Neutral
2023-08-24,593.0,,0.0,Neutral
2023-08-27,578.0,,0.0,Neutral
2023-08-28,585.1,,0.0,Neutral
2023-08-29,593.6,,0.0,Neutral
2023-08-30,590.0,,0.0,Neutral
2023-09-03,580.0,,0.0,Neutral
2023-09-04,577.9,,0.0,Neutral
2023-09-05,573.0,,0.0,Neutral
2023-09-07,569.0,,0.0,Neutral
2023-09-10,566.0,,0.0,Neutral
2023-09-11,586.0,,0.0,Neutral
2023-09-12,570.0,,0.0,Neutral
2023-09-13,585.0,,0.0,Neutral
2023-09-17,570.1,,0.0,Neutral
2023-09-18,570.0,,0.0,Neutral
2023-09-19,574.1,,0.0,Neutral
2023-09-21,597.0,,0.0,Neutral
2023-09-24,609.0,,0.0,Neutral
2023-09-25,598.3,,0.0,Neutral
2023-09-26,620.9,,0.0,Neutral
2023-09-27,616.9,,0.0,Neutral
2023-10-01,598.0,,0.0,Neutral
2023-10-02,622.0,,0.0,Neutral
2023-10-03,603.6,,0.0,Neutral
2023-10-04,612.1,,0.0,Neutral
2023-10-05,610.0,,0.0,Neutral
2023-10-08,596.0,,0.0,Neutral
2023-10-09,592.0,,0.0,Neutral
2023-10-10,581.7,,0.0,Neutral
2023-10-11,595.0,,0.0,Neutral
2023-10-12,583.4,,0.0,Neutral
2023-10-16,579.0,,0.0,Neutral
2023-10-17,597.0,,0.0,Neutral
2023-10-18,611.0,,0.0,Neutral
2023-10-19,605.0,,0.0,Neutral
2023-10-29,582.0,,0.0,Neutral
2023-10-30,582.5,,0.0,Neutral
2023-10-31,569.0,,0.0,Neutral
2023-11-01,561.0,,0.0,Neutral
2023-11-02,556.0,,0.0,Neutral
2023-11-05,567.0,,0.0,Neutral
2023-11-06,591.0,,0.0,Neutral
2023-11-07,585.0,,0.0,Neutral
2023-11-08,582.0,,0.0,Neutral
2023-11-09,570.0,2023-11-09,0.9144972562789916,Strongly Positive
2023-11-20,575.2,,0.0,Neutral
2023-11-21,579.0,,0.0,Neutral
2023-11-22,585.0,,0.0,Neutral
2023-11-23,583.8,,0.0,Neutral
2023-11-26,642.1,,0.0,Neutral
2023-11-27,627.2,,0.0,Neutral
2023-11-28,597.9,,0.0,Neutral
2023-11-29,657.0,,0.0,Neutral
2023-11-30,591.3,,0.0,Neutral
2023-12-03,589.0,,0.0,Neutral
2023-12-04,599.9,,0.0,Neutral
2023-12-05,570.0,,0.0,Neutral
2023-12-06,616.0,,0.0,Neutral
2023-12-07,584.0,,0.0,Neutral
2023-12-10,607.5,,0.0,Neutral
2023-12-11,650.0,,0.0,Neutral
2023-12-12,630.0,,0.0,Neutral
2023-12-13,625.0,2023-12-13,0.1697400510311126,Slightly Positive
2023-12-14,620.0,,0.0,Neutral
2023-12-17,610.0,,0.0,Neutral
2023-12-18,638.2,,0.0,Neutral
2023-12-19,655.0,,0.0,Neutral
2023-12-20,660.0,,0.0,Neutral
2023-12-21,643.0,,0.0,Neutral
2023-12-24,640.5,,0.0,Neutral
2023-12-27,624.5,,0.0,Neutral
2023-12-28,622.5,,0.0,Neutral
2024-01-01,616.0,,0.0,Neutral
2024-01-02,622.8,,0.0,Neutral
2024-01-03,634.6,,0.0,Neutral
2024-01-04,624.0,,0.0,Neutral
2024-01-07,625.0,,0.0,Neutral
2024-01-08,620.0,,0.0,Neutral
2024-01-09,640.0,,0.0,Neutral
2024-01-10,652.0,,0.0,Neutral
2024-01-11,647.0,,0.0,Neutral
2024-01-14,651.0,,0.0,Neutral
2024-01-16,680.0,,0.0,Neutral
2024-01-17,673.1,,0.0,Neutral
2024-01-18,688.5,,0.0,Neutral
2024-01-21,653.1,,0.0,Neutral
2024-01-22,636.2,,0.0,Neutral
2024-01-23,646.6,,0.0,Neutral
2024-01-24,650.0,,0.0,Neutral
2024-01-25,636.1,,0.0,Neutral
2024-01-28,648.0,,0.0,Neutral
2024-01-29,639.0,,0.0,Neutral
2024-01-30,651.0,,0.0,Neutral
2024-01-31,636.0,,0.0,Neutral
2024-02-01,623.3,,0.0,Neutral
2024-02-04,635.0,,0.0,Neutral
2024-02-05,627.2,,0.0,Neutral
2024-02-06,640.0,,0.0,Neutral
2024-02-07,639.9,,0.0,Neutral
2024-02-08,640.0,,0.0,Neutral
2024-02-11,631.1,,0.0,Neutral
2024-02-12,642.0,,0.0,Neutral
2024-02-13,636.0,,0.0,Neutral
2024-02-14,636.0,,0.0,Neutral
2024-02-15,624.5,,0.0,Neutral
2024-02-18,607.0,,0.0,Neutral
2024-02-20,600.0,,0.0,Neutral
2024-02-21,617.0,,0.0,Neutral
2024-02-22,604.8,,0.0,Neutral
2024-02-25,594.0,,0.0,Neutral
2024-02-26,598.0,,0.0,Neutral
2024-02-27,598.0,,0.0,Neutral
2024-02-28,591.2,,0.0,Neutral
2024-02-29,588.0,,0.0,Neutral
2024-03-03,580.0,,0.0,Neutral
2024-03-04,603.0,,0.0,Neutral
2024-03-05,592.4,,0.0,Neutral
2024-03-06,600.0,,0.0,Neutral
2024-03-07,614.9,,0.0,Neutral
2024-03-10,641.0,,0.0,Neutral
2024-03-12,662.2,,0.0,Neutral
2024-03-13,667.9,,0.0,Neutral
2024-03-14,640.0,,0.0,Neutral
2024-03-17,649.0,,0.0,Neutral
2024-03-18,656.0,,0.0,Neutral
2024-03-19,677.1,,0.0,Neutral
2024-03-20,700.1,,0.0,Neutral
2024-03-21,685.1,,0.0,Neutral
2024-03-25,667.0,,0.0,Neutral
2024-03-26,670.0,,0.0,Neutral
2024-03-27,670.1,,0.0,Neutral
2024-03-28,678.0,,0.0,Neutral
2024-03-31,667.0,,0.0,Neutral
2024-04-01,681.5,,0.0,Neutral
2024-04-02,701.0,,0.0,Neutral
2024-04-03,742.0,,0.0,Neutral
2024-04-04,780.0,,0.0,Neutral
2024-04-07,770.0,,0.0,Neutral
2024-04-09,742.0,,0.0,Neutral
2024-04-10,728.5,,0.0,Neutral
2024-04-14,747.0,,0.0,Neutral
2024-04-15,735.0,,0.0,Neutral
2024-04-16,725.0,,0.0,Neutral
2024-04-18,701.1,,0.0,Neutral
2024-04-21,711.0,,0.0,Neutral
2024-04-22,691.0,,0.0,Neutral
2024-04-24,705.0,,0.0,Neutral
2024-04-25,710.7,,0.0,Neutral
2024-04-28,713.9,,0.0,Neutral
2024-04-29,720.0,,0.0,Neutral
2024-04-30,729.2,,0.0,Neutral
2024-05-02,800.0,,0.0,Neutral
2024-05-05,816.9,,0.0,Neutral
2024-05-06,805.0,,0.0,Neutral
2024-05-07,840.0,,0.0,Neutral
2024-05-08,861.0,,0.0,Neutral
2024-05-09,847.9,,0.0,Neutral
2024-05-12,824.5,,0.0,Neutral
2024-05-13,849.8,,0.0,Neutral
2024-05-14,885.0,,0.0,Neutral
2024-05-15,866.0,,0.0,Neutral
2024-05-16,909.0,,0.0,Neutral
2024-05-19,948.0,,0.0,Neutral
2024-05-20,915.0,,0.0,Neutral
2024-05-21,960.0,,0.0,Neutral
2024-05-22,928.0,,0.0,Neutral
2024-05-26,956.5,,0.0,Neutral
2024-05-27,955.0,,0.0,Neutral
2024-05-29,937.0,,0.0,Neutral
2024-05-30,919.2,,0.0,Neutral
2024-06-02,920.0,,0.0,Neutral
2024-06-03,953.0,,0.0,Neutral
2024-06-04,1005.1,,0.0,Neutral
2024-06-05,1084.5,,0.0,Neutral
2024-06-06,1070.0,,0.0,Neutral
2024-06-09,1039.0,,0.0,Neutral
2024-06-10,1077.0,,0.0,Neutral
2024-06-11,1085.0,,0.0,Neutral
2024-06-12,1098.0,,0.0,Neutral
2024-06-13,1054.0,,0.0,Neutral
2024-06-16,1045.0,2024-06-16,0.828508198261261,Strongly Positive
2024-06-18,1045.0,,0.0,Neutral
2024-06-19,1028.0,,0.0,Neutral
2024-06-20,1006.0,,0.0,Neutral
2024-06-23,982.1,2024-06-23,0.9343627095222472,Strongly Positive
2024-06-24,1032.8,,0.0,Neutral
2024-06-25,1026.0,,0.0,Neutral
2024-06-26,1037.9,,0.0,Neutral
2024-06-27,1022.0,,0.0,Neutral
2024-06-30,1015.2,,0.0,Neutral
2024-07-01,1004.0,,0.0,Neutral
2024-07-02,1014.2,,0.0,Neutral
2024-07-03,1017.0,,0.0,Neutral
2024-07-04,1008.0,,0.0,Neutral
2024-07-07,1029.0,,0.0,Neutral
2024-07-08,1030.0,,0.0,Neutral
2024-07-09,1050.0,,0.0,Neutral
2024-07-10,1071.0,,0.0,Neutral
2024-07-11,1074.0,,0.0,Neutral
2024-07-14,1066.7,,0.0,Neutral
2024-07-15,1040.0,,0.0,Neutral
2024-07-16,1059.9,,0.0,Neutral
2024-07-17,1049.9,,0.0,Neutral
2024-07-18,1120.0,,0.0,Neutral
2024-07-21,1125.0,,0.0,Neutral
2024-07-22,1093.0,,0.0,Neutral
2024-07-23,1090.0,,0.0,Neutral
2024-07-24,1062.5,,0.0,Neutral
2024-07-25,1128.0,,0.0,Neutral
2024-07-28,1089.0,,0.0,Neutral
2024-07-29,1033.3,,0.0,Neutral
2024-07-30,1052.0,,0.0,Neutral
2024-07-31,1080.0,,0.0,Neutral
2024-08-01,1036.0,,0.0,Neutral
2024-08-05,1040.0,,0.0,Neutral
2024-08-06,1018.9,,0.0,Neutral
2024-08-07,1037.0,,0.0,Neutral
2024-08-08,1005.1,,0.0,Neutral
2024-08-11,1035.0,,0.0,Neutral
2024-08-12,1015.2,,0.0,Neutral
2024-08-13,1009.0,,0.0,Neutral
2024-08-14,999.0,,0.0,Neutral
2024-08-15,984.1,,0.0,Neutral
2024-08-18,972.0,,0.0,Neutral
2024-08-21,950.0,,0.0,Neutral
2024-08-22,942.0,,0.0,Neutral
2024-08-25,960.0,,0.0,Neutral
2024-08-27,931.0,,0.0,Neutral
2024-08-28,936.0,,0.0,Neutral
2024-08-29,913.0,,0.0,Neutral
2024-09-01,899.0,,0.0,Neutral
2024-09-02,922.0,,0.0,Neutral
2024-09-03,940.0,,0.0,Neutral
2024-09-04,920.0,,0.0,Neutral
2024-09-05,960.0,,0.0,Neutral
2024-09-08,970.0,,0.0,Neutral
2024-09-09,928.0,,0.0,Neutral
2024-09-10,920.0,,0.0,Neutral
2024-09-11,920.0,,0.0,Neutral
2024-09-12,920.0,,0.0,Neutral
2024-09-15,897.0,,0.0,Neutral
2024-09-16,882.0,,0.0,Neutral
2024-09-18,870.0,,0.0,Neutral
2024-09-22,857.0,,0.0,Neutral
2024-09-23,829.0,,0.0,Neutral
2024-09-24,808.0,,0.0,Neutral
2024-09-25,816.0,,0.0,Neutral
2024-09-26,789.0,,0.0,Neutral
2024-09-29,820.0,,0.0,Neutral
2024-09-30,824.0,,0.0,Neutral
2024-10-01,852.0,,0.0,Neutral
2024-10-02,865.0,,0.0,Neutral
2024-10-06,880.0,,0.0,Neutral
2024-10-07,896.7,,0.0,Neutral
2024-10-08,862.1,,0.0,Neutral
2024-10-09,850.0,,0.0,Neutral
2024-10-15,856.1,,0.0,Neutral
2024-10-16,936.0,,0.0,Neutral
2024-10-17,919.0,,0.0,Neutral
2024-10-20,936.0,,0.0,Neutral
2024-10-21,915.0,,0.0,Neutral
2024-10-22,910.0,,0.0,Neutral
2024-10-23,902.5,,0.0,Neutral
2024-10-24,870.1,,0.0,Neutral
2024-10-27,857.0,,0.0,Neutral
2024-10-28,885.0,,0.0,Neutral
2024-10-29,882.1,,0.0,Neutral
2024-10-30,898.0,,0.0,Neutral
2024-11-05,896.7,,0.0,Neutral
2024-11-06,883.0,,0.0,Neutral
2024-11-10,934.0,,0.0,Neutral
2024-11-11,958.8,,0.0,Neutral
2024-11-12,948.0,2024-11-12,0.2337005883455276,Positive
2024-11-13,942.9,,0.0,Neutral
2024-11-14,922.0,,0.0,Neutral
2024-11-17,939.0,,0.0,Neutral
2024-11-19,919.9,,0.0,Neutral
2024-11-20,929.0,,0.0,Neutral
2024-11-21,930.0,,0.0,Neutral
2024-11-24,949.6,,0.0,Neutral
2024-11-25,951.6,,0.0,Neutral
2024-11-26,959.9,,0.0,Neutral
2024-11-27,945.0,,0.0,Neutral
2024-11-28,930.0,,0.0,Neutral
2024-12-01,927.0,,0.0,Neutral
2024-12-02,908.6,,0.0,Neutral
2024-12-03,909.1,,0.0,Neutral
2024-12-04,900.0,,0.0,Neutral
2024-12-05,890.0,,0.0,Neutral
2024-12-08,879.0,,0.0,Neutral
2024-12-09,879.0,,0.0,Neutral
2024-12-10,892.0,,0.0,Neutral
2024-12-11,896.7,,0.0,Neutral
2024-12-12,880.0,,0.0,Neutral
2024-12-16,880.0,,0.0,Neutral
2024-12-17,879.0,,0.0,Neutral
2024-12-18,875.0,,0.0,Neutral
2024-12-19,851.0,2024-12-19,0.8239535689353943,Strongly Positive
2024-12-22,824.0,,0.0,Neutral
2024-12-23,856.7,,0.0,Neutral
2024-12-24,868.0,,0.0,Neutral
2024-12-26,859.8,,0.0,Neutral
2024-12-29,858.0,,0.0,Neutral
2024-12-31,850.0,,0.0,Neutral
2025-01-01,849.0,,0.0,Neutral
2025-01-02,845.0,,0.0,Neutral
2025-01-05,861.9,,0.0,Neutral
2025-01-06,863.9,,0.0,Neutral
2025-01-07,870.0,,0.0,Neutral
2025-01-08,878.0,,0.0,Neutral
2025-01-09,869.0,,0.0,Neutral
2025-01-12,851.7,,0.0,Neutral
2025-01-13,835.0,,0.0,Neutral
2025-01-15,840.2,,0.0,Neutral
2025-01-16,835.0,,0.0,Neutral
2025-01-19,822.5,,0.0,Neutral
2025-01-20,810.1,,0.0,Neutral
2025-01-21,812.0,,0.0,Neutral
2025-01-22,825.0,,0.0,Neutral
2025-01-23,820.1,,0.0,Neutral
2025-01-26,839.0,,0.0,Neutral
2025-01-27,841.0,,0.0,Neutral
2025-01-28,839.1,,0.0,Neutral
2025-02-02,923.0,,0.0,Neutral
2025-02-03,925.0,,0.0,Neutral
2025-02-04,903.0,,0.0,Neutral
2025-02-05,909.8,,0.0,Neutral
2025-02-06,915.0,,0.0,Neutral
2025-02-09,905.0,,0.0,Neutral
2025-02-10,897.4,,0.0,Neutral
2025-02-11,913.0,,0.0,Neutral
2025-02-12,902.1,,0.0,Neutral
2025-02-13,931.3,,0.0,Neutral
2025-02-16,946.0,,0.0,Neutral
2025-02-17,979.0,,0.0,Neutral
2025-02-18,948.0,,0.0,Neutral
2025-02-20,963.2,,0.0,Neutral
2025-02-23,978.0,,0.0,Neutral
2025-02-24,964.0,,0.0,Neutral
2025-02-25,953.0,,0.0,Neutral
2025-02-27,955.0,,0.0,Neutral
2025-03-02,960.0,,0.0,Neutral
2025-03-03,945.0,,0.0,Neutral
2025-03-04,932.0,,0.0,Neutral
2025-03-05,920.0,,0.0,Neutral
2025-03-06,915.0,,0.0,Neutral
2025-03-09,900.0,,0.0,Neutral
2025-03-10,898.0,,0.0,Neutral
2025-03-11,875.0,,0.0,Neutral
2025-03-12,859.1,,0.0,Neutral
2025-03-16,855.0,,0.0,Neutral
2025-03-17,858.0,,0.0,Neutral
2025-03-18,865.0,,0.0,Neutral
2025-03-19,852.0,,0.0,Neutral
2025-03-20,850.0,,0.0,Neutral
2025-03-23,828.44,,0.0,Neutral
2025-03-24,840.78,,0.0,Neutral
2025-03-25,821.29,,0.0,Neutral
2025-03-26,840.72,,0.0,Neutral
2025-03-27,853.11,,0.0,Neutral
2025-03-30,864.91,,0.0,Neutral
2025-04-01,853.09,,0.0,Neutral
2025-04-02,874.74,,0.0,Neutral
2025-04-03,870.44,,0.0,Neutral
2025-04-07,862.16,,0.0,Neutral
2025-04-08,867.83,,0.0,Neutral
2025-04-09,861.42,,0.0,Neutral
2025-04-10,864.97,,0.0,Neutral
2025-04-13,868.98,,0.0,Neutral
2025-04-15,875.0,,0.0,Neutral
2025-04-16,867.33,,0.0,Neutral
2025-04-17,864.01,,0.0,Neutral
2025-04-20,849.0,,0.0,Neutral
2025-04-21,838.14,,0.0,Neutral
2025-04-22,829.75,,0.0,Neutral
2025-04-23,818.0,,0.0,Neutral
2025-04-24,816.06,,0.0,Neutral
2025-04-27,804.0,,0.0,Neutral
2025-04-28,787.55,,0.0,Neutral
2025-04-29,785.61,,0.0,Neutral
2025-04-30,776.36,,0.0,Neutral
2025-05-04,784.0,,0.0,Neutral
2025-05-05,789.79,,0.0,Neutral
2025-05-06,791.26,,0.0,Neutral
2025-05-07,834.03,,0.0,Neutral
2025-05-08,821.29,,0.0,Neutral
2025-05-11,816.46,,0.0,Neutral
2025-05-13,797.2,,0.0,Neutral
2025-05-14,799.87,,0.0,Neutral
2025-05-15,796.43,,0.0,Neutral
2025-05-18,802.82,,0.0,Neutral
2025-05-19,813.5,,0.0,Neutral
2025-05-20,824.41,,0.0,Neutral
2025-05-21,815.63,,0.0,Neutral
2025-05-22,832.0,,0.0,Neutral
2025-05-25,857.82,,0.0,Neutral
2025-05-26,840.69,,0.0,Neutral
2025-05-27,840.68,,0.0,Neutral
2025-05-28,836.7,,0.0,Neutral
2025-06-02,833.82,,0.0,Neutral
2025-06-03,820.02,,0.0,Neutral
2025-06-04,808.02,,0.0,Neutral
2025-06-05,807.16,,0.0,Neutral
2025-06-08,797.86,,0.0,Neutral
2025-06-09,798.67,,0.0,Neutral
2025-06-10,807.49,,0.0,Neutral
2025-06-11,797.59,,0.0,Neutral
2025-06-12,794.29,,0.0,Neutral
2025-06-15,790.81,,0.0,Neutral
2025-06-16,804.12,,0.0,Neutral
2025-06-17,814.43,,0.0,Neutral
2025-06-18,801.61,,0.0,Neutral
2025-06-19,794.18,,0.0,Neutral
2025-06-22,785.64,,0.0,Neutral
2025-06-23,792.0,,0.0,Neutral
2025-06-24,789.94,,0.0,Neutral
2025-06-25,785.63,,0.0,Neutral
2025-06-26,789.97,,0.0,Neutral
2025-06-29,806.58,,0.0,Neutral
2025-06-30,813.11,,0.0,Neutral
2025-07-01,834.19,,0.0,Neutral
2025-07-02,828.11,,0.0,Neutral
2025-07-03,827.38,,0.0,Neutral
2025-07-06,843.86,,0.0,Neutral
2025-07-07,845.34,,0.0,Neutral
2025-07-08,846.43,,0.0,Neutral
2025-07-09,860.23,,0.0,Neutral
2025-07-10,865.49,,0.0,Neutral
2025-07-13,878.6,,0.0,Neutral
2025-07-14,856.29,,0.0,Neutral
2025-07-15,867.35,,0.0,Neutral
2025-07-16,886.19,,0.0,Neutral
2025-07-17,906.4,,0.0,Neutral
2025-07-20,894.25,,0.0,Neutral
2025-07-21,910.62,,0.0,Neutral
2025-07-22,947.12,,0.0,Neutral
2025-07-23,934.56,,0.0,Neutral
2025-07-24,925.97,,0.0,Neutral
2025-07-27,935.38,,0.0,Neutral
2025-07-28,932.59,,0.0,Neutral
2025-07-29,979.89,,0.0,Neutral
2025-07-30,933.59,,0.0,Neutral
2025-07-31,926.6,,0.0,Neutral
2025-08-03,892.26,,0.0,Neutral
2025-08-04,893.74,,0.0,Neutral
2025-08-05,893.38,,0.0,Neutral
2025-08-06,919.63,,0.0,Neutral
2025-08-07,925.52,,0.0,Neutral
2025-08-11,896.94,,0.0,Neutral
2025-08-12,888.0,,0.0,Neutral
2025-08-13,875.3,,0.0,Neutral
2025-08-14,859.01,,0.0,Neutral
2025-08-17,836.83,,0.0,Neutral
2025-08-18,845.27,,0.0,Neutral
2025-08-19,834.91,,0.0,Neutral
2025-08-20,839.13,,0.0,Neutral
2025-08-21,826.09,,0.0,Neutral
2025-08-24,820.64,,0.0,Neutral
2025-08-25,837.23,,0.0,Neutral
2025-08-26,816.79,,0.0,Neutral
2025-08-27,825.45,,0.0,Neutral
2025-08-28,806.31,,0.0,Neutral
2025-08-31,791.7,,0.0,Neutral
2025-09-01,816.23,,0.0,Neutral
2025-09-02,807.68,,0.0,Neutral
2025-09-03,805.9,,0.0,Neutral
2025-09-04,806.0,,0.0,Neutral
2025-09-07,794.0,,0.0,Neutral
2025-09-08,797.28,,0.0,Neutral
2025-09-21,811.36,,0.0,Neutral
2025-09-23,822.0,,0.0,Neutral
2025-09-24,805.0,,0.0,Neutral
2025-09-25,807.0,,0.0,Neutral
2025-09-28,825.0,,0.0,Neutral
2025-10-07,800.0,,0.0,Neutral
2025-10-08,803.0,,0.0,Neutral
2025-10-09,795.0,,0.0,Neutral
2025-10-12,768.9,,0.0,Neutral
2025-10-13,768.0,,0.0,Neutral
2025-10-14,756.0,,0.0,Neutral
2025-10-15,765.0,,0.0,Neutral
2025-10-16,750.0,,0.0,Neutral
2025-10-19,753.0,,0.0,Neutral
2025-10-26,740.2,,0.0,Neutral
2025-10-28,765.2,,0.0,Neutral
2025-10-29,772.0,,0.0,Neutral
2025-10-30,788.4,,0.0,Neutral
2025-11-02,785.2,,0.0,Neutral
2025-11-03,785.0,,0.0,Neutral
2025-11-04,770.0,,0.0,Neutral
2025-11-05,799.0,,0.0,Neutral
2025-11-06,796.0,,0.0,Neutral
2025-11-09,780.0,,0.0,Neutral
2025-11-10,788.0,,0.0,Neutral
2025-11-11,790.0,,0.0,Neutral
2025-11-12,779.9,,0.0,Neutral
2025-11-13,780.0,,0.0,Neutral
2025-11-16,770.0,,0.0,Neutral
2025-11-17,766.0,,0.0,Neutral
2025-11-18,784.0,,0.0,Neutral
2025-11-19,775.0,,0.0,Neutral
2025-11-20,785.0,,0.0,Neutral
2025-11-23,797.7,,0.0,Neutral
2025-11-24,800.0,,0.0,Neutral
2025-11-25,800.0,,0.0,Neutral
2025-11-26,801.0,,0.0,Neutral
2025-11-27,814.8,,0.0,Neutral
2025-11-30,784.0,2025-11-30,0.5910779237747192,Positive
2025-12-01,780.1,2025-12-01,0.4019519686698913,Positive
2025-12-02,790.9,,0.0,Neutral
2025-12-03,784.0,,0.0,Neutral
2025-12-07,779.1,,0.0,Neutral
2025-12-08,770.1,,0.0,Neutral
2025-12-09,775.5,,0.0,Neutral
2025-12-10,776.0,,0.0,Neutral
2025-12-11,775.2,,0.0,Neutral
2025-12-14,765.1,,0.0,Neutral
2025-12-15,762.0,,0.0,Neutral
2025-12-16,765.0,,0.0,Neutral
2025-12-17,780.0,,0.0,Neutral
2025-12-18,765.3,,0.0,Neutral
2025-12-21,767.0,,0.0,Neutral
2025-12-22,765.6,,0.0,Neutral
2025-12-23,778.0,,0.0,Neutral
2025-12-24,774.9,2025-12-24,0.1845537722110748,Slightly Positive
2025-12-28,769.0,,0.0,Neutral
2025-12-29,765.0,,0.0,Neutral
2025-12-31,767.0,,0.0,Neutral
2026-01-01,757.0,,0.0,Neutral
2026-01-04,765.0,,0.0,Neutral
2026-01-05,770.0,2026-01-05,0.4286122024059295,Positive
2026-01-06,769.0,,0.0,Neutral
2026-01-07,765.0,,0.0,Neutral
2026-01-08,762.1,2026-01-08,0.7471781373023987,Strongly Positive
2026-01-12,751.0,,0.0,Neutral
2026-01-13,758.0,,0.0,Neutral
2026-01-14,755.0,,0.0,Neutral
2026-01-18,767.0,,0.0,Neutral
2026-01-20,775.0,2026-01-20,0.2919858694076538,Positive
2026-01-21,770.0,,0.0,Neutral
2026-01-22,777.0,,0.0,Neutral
2026-01-25,791.9,,0.0,Neutral
2026-01-26,785.0,,0.0,Neutral
2026-01-27,783.0,,0.0,Neutral
2026-01-28,770.1,,0.0,Neutral
2026-01-29,770.4,,0.0,Neutral
2026-02-01,770.0,,0.0,Neutral
2026-02-02,766.3,,0.0,Neutral
2026-02-03,766.0,,0.0,Neutral
2026-02-04,766.3,,0.0,Neutral
2026-02-05,769.0,,0.0,Neutral
2026-02-08,773.0,,0.0,Neutral
2026-02-09,774.0,,0.0,Neutral
2026-02-10,770.0,,0.0,Neutral
2026-02-11,765.0,,0.0,Neutral
2026-02-12,760.0,,0.0,Neutral
2026-02-16,750.0,,0.0,Neutral
2026-02-17,760.0,,0.0,Neutral
2026-02-22,763.5,,0.0,Neutral
2026-02-23,755.0,,0.0,Neutral
2026-02-24,745.0,,0.0,Neutral
2026-02-25,747.0,,0.0,Neutral
2026-02-26,747.1,,0.0,Neutral
2026-03-01,748.0,,0.0,Neutral
2026-03-03,757.3,,0.0,Neutral
