Date_Stock,Close,Date_News,Sentiment_Score,Prediction,Decayed_Sentiment,Decayed_Prediction
2026-03-03,6090.0,,0.0,Neutral,0.0,Neutral
2026-03-01,6070.0,,0.0,Neutral,0.0,Neutral
2026-02-26,5954.0,,0.0,Neutral,0.0,Neutral
2026-02-25,5819.0,,0.0,Neutral,0.0,Neutral
2026-02-24,5640.0,,0.0,Neutral,0.0,Neutral
2026-02-23,5575.0,,0.0,Neutral,0.0,Neutral
2026-02-22,5594.0,,0.0,Neutral,0.0,Neutral
2026-02-17,5549.0,,0.0,Neutral,0.22406381368637085,Positive
2026-02-16,5565.0,,0.0,Neutral,0.4481276273727417,Positive
2026-02-12,5550.0,2026-02-12,0.8962552547454834,Strongly Positive,0.8962552547454834,Strongly Positive
2026-02-11,5500.0,,0.0,Neutral,0.0,Neutral
2026-02-10,5441.0,,0.0,Neutral,0.0,Neutral
2026-02-09,5435.0,,0.0,Neutral,0.0,Neutral
2026-02-08,5476.0,,0.0,Neutral,0.0,Neutral
2026-02-05,5527.0,,0.0,Neutral,0.0,Neutral
2026-02-04,5551.0,,0.0,Neutral,0.0,Neutral
2026-02-03,5595.0,,0.0,Neutral,0.0,Neutral
2026-02-02,5605.0,,0.0,Neutral,0.0,Neutral
2026-02-01,5640.0,,0.0,Neutral,0.0,Neutral
2026-01-29,5650.0,,0.0,Neutral,0.0,Neutral
2026-01-28,5673.0,,0.0,Neutral,0.0,Neutral
2026-01-27,5557.0,,0.0,Neutral,0.0,Neutral
2026-01-26,5600.0,,0.0,Neutral,0.0,Neutral
2026-01-25,5610.0,,0.0,Neutral,0.0,Neutral
2026-01-22,5580.0,,0.0,Neutral,0.0,Neutral
2026-01-21,5618.0,,0.0,Neutral,0.0,Neutral
2026-01-20,5610.0,,0.0,Neutral,0.0,Neutral
2026-01-18,5606.0,,0.0,Neutral,0.0,Neutral
2026-01-14,5595.9,,0.0,Neutral,0.0,Neutral
2026-01-13,5599.0,,0.0,Neutral,0.0,Neutral
2026-01-12,5580.0,,0.0,Neutral,0.0,Neutral
2026-01-08,5539.0,,0.0,Neutral,0.0,Neutral
2026-01-07,5498.0,,0.0,Neutral,0.0,Neutral
2026-01-06,5520.0,,0.0,Neutral,0.0,Neutral
2026-01-05,5535.0,,0.0,Neutral,0.0,Neutral
2026-01-04,5500.0,,0.0,Neutral,0.0,Neutral
2026-01-01,5525.0,,0.0,Neutral,0.0,Neutral
2025-12-31,5525.0,,0.0,Neutral,0.0,Neutral
2025-12-29,5514.0,,0.0,Neutral,0.0,Neutral
2025-12-28,5480.0,,0.0,Neutral,0.0,Neutral
2025-12-24,5405.0,,0.0,Neutral,0.0,Neutral
2025-12-23,5400.0,,0.0,Neutral,0.0,Neutral
2025-12-22,5404.0,,0.0,Neutral,0.0,Neutral
2025-12-21,5399.0,,0.0,Neutral,0.0,Neutral
2025-12-18,5400.0,,0.0,Neutral,0.0,Neutral
2025-12-17,5389.0,,0.0,Neutral,0.0,Neutral
2025-12-16,5400.0,,0.0,Neutral,0.0,Neutral
2025-12-15,5323.0,,0.0,Neutral,0.0,Neutral
2025-12-14,5331.0,,0.0,Neutral,0.0,Neutral
2025-12-11,5415.0,,0.0,Neutral,0.0,Neutral
2025-12-10,5375.0,,0.0,Neutral,0.0,Neutral
2025-12-09,5340.1,,0.0,Neutral,0.0,Neutral
2025-12-08,5390.0,,0.0,Neutral,0.0,Neutral
2025-12-07,5365.0,,0.0,Neutral,0.0,Neutral
2025-12-03,5365.0,,0.0,Neutral,0.0,Neutral
2025-12-02,5360.0,,0.0,Neutral,0.0,Neutral
2025-12-01,5332.0,,0.0,Neutral,0.0,Neutral
2025-11-30,5350.0,,0.0,Neutral,0.0,Neutral
2025-11-27,5400.0,,0.0,Neutral,0.0,Neutral
2025-11-26,5361.3,,0.0,Neutral,0.0,Neutral
2025-11-25,5393.3,,0.0,Neutral,0.0,Neutral
2025-11-24,5460.0,,0.0,Neutral,0.0,Neutral
2025-11-23,5419.9,,0.0,Neutral,0.0,Neutral
2025-11-20,5365.0,,0.0,Neutral,0.0,Neutral
2025-11-19,5317.0,,0.0,Neutral,0.0,Neutral
2025-11-18,5309.0,,0.0,Neutral,0.0,Neutral
2025-11-17,5285.0,,0.0,Neutral,0.0,Neutral
2025-11-16,5219.9,,0.0,Neutral,0.0,Neutral
2025-11-13,5224.0,,0.0,Neutral,0.0,Neutral
2025-11-12,5200.0,,0.0,Neutral,0.0,Neutral
2025-11-11,5279.0,,0.0,Neutral,0.0,Neutral
2025-11-10,5200.0,,0.0,Neutral,0.0,Neutral
2025-11-09,5112.0,,0.0,Neutral,0.0,Neutral
2025-11-06,5185.0,,0.0,Neutral,0.0,Neutral
2025-11-05,5207.9,,0.0,Neutral,0.0,Neutral
2025-11-04,5210.0,,0.0,Neutral,0.0,Neutral
2025-11-03,5185.0,,0.0,Neutral,0.0,Neutral
2025-11-02,5189.0,,0.0,Neutral,0.0,Neutral
2025-10-30,5273.0,,0.0,Neutral,0.0,Neutral
2025-10-29,5181.0,,0.0,Neutral,0.0,Neutral
2025-10-28,5237.0,,0.0,Neutral,0.0,Neutral
2025-10-26,5187.0,,0.0,Neutral,0.0,Neutral
2025-10-19,5200.0,,0.0,Neutral,0.0,Neutral
2025-10-16,5055.0,,0.0,Neutral,0.0,Neutral
2025-10-15,5126.0,,0.0,Neutral,0.0,Neutral
2025-10-14,5150.0,,0.0,Neutral,0.0,Neutral
2025-10-13,5165.0,,0.0,Neutral,0.0,Neutral
2025-10-12,5179.0,,0.0,Neutral,0.0,Neutral
2025-10-09,5244.0,,0.0,Neutral,0.0,Neutral
2025-10-08,5278.0,,0.0,Neutral,0.0,Neutral
2025-10-07,5290.0,,0.0,Neutral,0.0,Neutral
2025-09-28,5395.0,,0.0,Neutral,0.0,Neutral
2025-09-25,5310.0,,0.0,Neutral,0.0,Neutral
2025-09-24,5277.6,,0.0,Neutral,0.0,Neutral
2025-09-23,5400.0,,0.0,Neutral,0.0,Neutral
2025-09-21,5301.06,,0.0,Neutral,0.0,Neutral
2025-09-18,4850.0,,0.0,Neutral,0.0,Neutral
2025-09-08,5227.49,,0.0,Neutral,0.0,Neutral
2025-09-07,5210.0,,0.0,Neutral,0.0,Neutral
2025-09-04,5252.33,,0.0,Neutral,0.0,Neutral
2025-09-03,5278.05,,0.0,Neutral,0.0,Neutral
2025-09-02,5356.45,,0.0,Neutral,0.0,Neutral
2025-09-01,5299.99,,0.0,Neutral,0.0,Neutral
2025-08-31,5233.54,,0.0,Neutral,0.0,Neutral
2025-08-28,5289.27,,0.0,Neutral,0.0,Neutral
2025-08-27,5304.0,,0.0,Neutral,0.0,Neutral
2025-08-26,5277.25,,0.0,Neutral,0.0,Neutral
2025-08-25,5208.1,,0.0,Neutral,0.0,Neutral
2025-08-24,5198.42,,0.0,Neutral,0.0,Neutral
2025-08-21,5170.03,,0.0,Neutral,0.0,Neutral
2025-08-20,5155.86,,0.0,Neutral,0.0,Neutral
2025-08-19,5157.82,,0.0,Neutral,0.0,Neutral
2025-08-18,5184.18,,0.0,Neutral,0.0,Neutral
2025-08-17,5125.24,,0.0,Neutral,0.0,Neutral
2025-08-14,5161.07,,0.0,Neutral,0.0,Neutral
2025-08-13,5177.98,,0.0,Neutral,0.0,Neutral
2025-08-12,5177.99,,0.0,Neutral,0.0,Neutral
2025-08-11,5211.68,,0.0,Neutral,0.0,Neutral
2025-08-07,5342.02,,0.0,Neutral,0.0,Neutral
2025-08-06,5383.32,,0.0,Neutral,0.0,Neutral
2025-08-05,5405.36,,0.0,Neutral,0.0,Neutral
2025-08-04,5500.37,,0.0,Neutral,0.0,Neutral
2025-08-03,5482.42,,0.0,Neutral,0.0,Neutral
2025-07-31,5500.26,,0.0,Neutral,0.0,Neutral
2025-07-30,5567.12,,0.0,Neutral,0.0,Neutral
2025-07-29,5583.98,,0.0,Neutral,0.0,Neutral
2025-07-28,5509.86,,0.0,Neutral,0.0,Neutral
2025-07-27,5490.91,,0.0,Neutral,0.0,Neutral
2025-07-24,5531.46,,0.0,Neutral,0.0,Neutral
2025-07-23,5559.31,,0.0,Neutral,0.0,Neutral
2025-07-22,5634.68,,0.0,Neutral,0.0,Neutral
2025-07-21,5547.44,,0.0,Neutral,0.0,Neutral
2025-07-20,5461.36,,0.0,Neutral,0.0,Neutral
2025-07-17,5480.39,,0.0,Neutral,0.0,Neutral
2025-07-16,5290.0,,0.0,Neutral,0.0,Neutral
2025-07-15,5224.63,,0.0,Neutral,0.0,Neutral
2025-07-14,5192.89,,0.0,Neutral,0.0,Neutral
2025-07-13,5278.76,,0.0,Neutral,0.0,Neutral
2025-07-10,5277.48,,0.0,Neutral,0.0,Neutral
2025-07-09,5250.54,,0.0,Neutral,0.0,Neutral
2025-07-08,5131.86,,0.0,Neutral,0.0,Neutral
2025-07-07,5124.11,,0.0,Neutral,0.0,Neutral
2025-07-06,5139.13,,0.0,Neutral,0.0,Neutral
2025-07-03,5175.09,,0.0,Neutral,0.0,Neutral
2025-07-02,5131.87,,0.0,Neutral,0.0,Neutral
2025-07-01,5049.66,,0.0,Neutral,0.0,Neutral
2025-06-30,5038.15,,0.0,Neutral,0.0,Neutral
2025-06-29,5002.64,,0.0,Neutral,0.0,Neutral
2025-06-26,5000.25,,0.0,Neutral,0.0,Neutral
2025-06-25,4996.56,,0.0,Neutral,0.0,Neutral
2025-06-24,4992.52,,0.0,Neutral,0.0,Neutral
2025-06-23,4996.45,,0.0,Neutral,0.0,Neutral
2025-06-22,4998.93,,0.0,Neutral,0.0,Neutral
2025-06-19,4990.75,,0.0,Neutral,0.0,Neutral
2025-06-18,5003.5,,0.0,Neutral,0.0,Neutral
2025-06-17,5000.0,,0.0,Neutral,0.0,Neutral
2025-06-16,5003.0,,0.0,Neutral,0.0,Neutral
2025-06-15,5001.95,,0.0,Neutral,0.0,Neutral
2025-06-12,4994.64,,0.0,Neutral,0.0,Neutral
2025-06-11,5000.19,,0.0,Neutral,0.0,Neutral
2025-06-10,5000.0,,0.0,Neutral,0.0,Neutral
2025-06-09,4980.6,,0.0,Neutral,0.0,Neutral
2025-06-08,4999.87,,0.0,Neutral,0.0,Neutral
2025-06-05,5002.0,,0.0,Neutral,0.0,Neutral
2025-06-04,5001.85,,0.0,Neutral,0.0,Neutral
2025-06-03,5009.86,,0.0,Neutral,0.0,Neutral
2025-06-02,5012.02,,0.0,Neutral,0.0,Neutral
2025-05-28,5013.76,,0.0,Neutral,0.0,Neutral
2025-05-27,4997.88,,0.0,Neutral,0.0,Neutral
2025-05-26,5004.88,,0.0,Neutral,0.0,Neutral
2025-05-25,5004.54,,0.0,Neutral,0.0,Neutral
2025-05-22,5003.63,,0.0,Neutral,0.0,Neutral
2025-05-21,5032.53,,0.0,Neutral,0.0,Neutral
2025-05-20,5083.12,,0.0,Neutral,0.0,Neutral
2025-05-19,5060.78,,0.0,Neutral,0.0,Neutral
2025-05-18,5075.9,,0.0,Neutral,0.0,Neutral
2025-05-15,5123.79,,0.0,Neutral,0.0,Neutral
2025-05-14,5213.75,,0.0,Neutral,0.0,Neutral
2025-05-13,5238.87,,0.0,Neutral,0.0,Neutral
2025-05-11,5206.28,,0.0,Neutral,0.0,Neutral
2025-05-08,5179.91,,0.0,Neutral,0.0,Neutral
2025-05-07,5187.52,,0.0,Neutral,0.0,Neutral
2025-05-06,5136.68,,0.0,Neutral,0.0,Neutral
2025-05-05,5166.52,,0.0,Neutral,0.0,Neutral
2025-05-04,5151.95,,0.0,Neutral,0.0,Neutral
2025-04-30,5026.09,,0.0,Neutral,0.0,Neutral
2025-04-29,4919.82,,0.0,Neutral,0.0,Neutral
2025-04-28,5006.67,,0.0,Neutral,0.0,Neutral
2025-04-27,5098.69,,0.0,Neutral,0.0,Neutral
2025-04-24,5113.72,,0.0,Neutral,0.0,Neutral
2025-04-23,5109.29,,0.0,Neutral,0.0,Neutral
2025-04-22,5089.8,,0.0,Neutral,0.0,Neutral
2025-04-21,5164.44,,0.0,Neutral,0.0,Neutral
2025-04-20,5226.24,,0.0,Neutral,0.0,Neutral
2025-04-17,5202.64,,0.0,Neutral,0.0,Neutral
2025-04-16,5241.27,,0.0,Neutral,0.0,Neutral
2025-04-15,5250.45,,0.0,Neutral,0.0,Neutral
2025-04-13,5155.34,,0.0,Neutral,0.0,Neutral
2025-04-10,5190.43,,0.0,Neutral,0.0,Neutral
2025-04-09,5248.89,,0.0,Neutral,0.0,Neutral
2025-04-08,5207.08,,0.0,Neutral,0.0,Neutral
2025-04-07,5273.96,,0.0,Neutral,0.0,Neutral
2025-04-03,5317.38,,0.0,Neutral,0.0,Neutral
2025-04-02,5314.81,,0.0,Neutral,0.0,Neutral
2025-04-01,5200.75,,0.0,Neutral,0.0,Neutral
2025-03-30,5182.37,,0.0,Neutral,0.0,Neutral
2025-03-27,5210.4,,0.0,Neutral,0.0,Neutral
2025-03-26,5197.26,,0.0,Neutral,0.0,Neutral
2025-03-25,5151.87,,0.0,Neutral,0.0,Neutral
2025-03-24,5211.31,,0.0,Neutral,0.0,Neutral
2025-03-23,5192.32,,0.0,Neutral,0.0,Neutral
2025-03-20,5299.0,,0.0,Neutral,0.0,Neutral
2025-03-19,5300.0,,0.0,Neutral,0.0,Neutral
2025-03-18,5350.0,,0.0,Neutral,0.0,Neutral
2025-03-17,5400.0,,0.0,Neutral,0.22845107316970825,Positive
2025-03-16,5340.0,,0.0,Neutral,0.4569021463394165,Positive
2025-03-12,5355.0,2025-03-12,0.913804292678833,Strongly Positive,0.913804292678833,Strongly Positive
2025-03-11,5400.0,,0.0,Neutral,0.0,Neutral
2025-03-10,5448.9,,0.0,Neutral,0.0,Neutral
2025-03-09,5450.0,,0.0,Neutral,0.0,Neutral
2025-03-06,5500.0,,0.0,Neutral,0.0,Neutral
2025-03-05,5480.0,,0.0,Neutral,0.0,Neutral
2025-03-04,5530.0,,0.0,Neutral,0.0,Neutral
2025-03-03,5530.0,,0.0,Neutral,0.2319205850362778,Positive
2025-03-02,5584.0,,0.0,Neutral,0.4638411700725556,Positive
2025-02-27,5506.2,2025-02-27,0.9276823401451112,Strongly Positive,0.9276823401451112,Strongly Positive
2025-02-25,5500.0,,0.0,Neutral,0.0,Neutral
2025-02-24,5525.0,,0.0,Neutral,0.0,Neutral
2025-02-23,5601.0,,0.0,Neutral,0.0,Neutral
2025-02-20,5580.0,,0.0,Neutral,0.0,Neutral
2025-02-18,5379.0,,0.0,Neutral,0.0,Neutral
2025-02-17,5255.0,,0.0,Neutral,0.0,Neutral
2025-02-16,5220.0,,0.0,Neutral,0.0,Neutral
2025-02-13,5190.0,,0.0,Neutral,0.0,Neutral
2025-02-12,5160.0,,0.0,Neutral,0.0,Neutral
2025-02-11,5225.0,,0.0,Neutral,0.0,Neutral
2025-02-10,5279.1,,0.0,Neutral,0.0,Neutral
2025-02-09,5325.0,,0.0,Neutral,0.0,Neutral
2025-02-06,5291.0,,0.0,Neutral,0.0,Neutral
2025-02-05,5349.0,,0.0,Neutral,0.0,Neutral
2025-02-04,5340.1,,0.0,Neutral,0.0,Neutral
2025-02-03,5360.0,,0.0,Neutral,0.0,Neutral
2025-02-02,5329.0,,0.0,Neutral,0.0,Neutral
2025-01-28,5300.0,,0.0,Neutral,0.0,Neutral
2025-01-27,5301.1,,0.0,Neutral,0.0,Neutral
2025-01-26,5348.0,,0.0,Neutral,0.0,Neutral
2025-01-23,5300.0,,0.0,Neutral,0.0,Neutral
2025-01-22,5345.0,,0.0,Neutral,0.0,Neutral
2025-01-21,5360.0,,0.0,Neutral,0.0,Neutral
2025-01-20,5390.0,,0.0,Neutral,0.0,Neutral
2025-01-19,5320.0,,0.0,Neutral,0.0,Neutral
2025-01-16,5311.0,,0.0,Neutral,0.0,Neutral
2025-01-15,5379.0,,0.0,Neutral,0.2272896319627762,Positive
2025-01-13,5379.0,,0.0,Neutral,0.4545792639255524,Positive
2025-01-12,5470.0,2025-01-12,0.9091585278511048,Strongly Positive,0.9091585278511048,Strongly Positive
2025-01-09,5648.0,,0.0,Neutral,0.0,Neutral
2025-01-08,5656.0,,0.0,Neutral,0.0,Neutral
2025-01-07,5680.0,,0.0,Neutral,0.0,Neutral
2025-01-06,5671.0,,0.0,Neutral,0.0,Neutral
2025-01-05,5650.0,,0.0,Neutral,0.0,Neutral
2025-01-02,5680.0,,0.0,Neutral,0.0,Neutral
2025-01-01,5680.0,,0.0,Neutral,0.0,Neutral
2024-12-31,5675.0,,0.0,Neutral,0.0,Neutral
2024-12-29,5617.0,,0.0,Neutral,0.0,Neutral
2024-12-26,5700.0,,0.0,Neutral,0.0,Neutral
2024-12-24,5734.0,,0.0,Neutral,0.0,Neutral
2024-12-23,5700.0,,0.0,Neutral,0.0,Neutral
2024-12-22,5700.0,,0.0,Neutral,0.0,Neutral
2024-12-19,5700.0,,0.0,Neutral,0.0,Neutral
2024-12-18,5739.0,,0.0,Neutral,0.0,Neutral
2024-12-17,5691.0,,0.0,Neutral,0.0,Neutral
2024-12-16,5700.0,,0.0,Neutral,0.0,Neutral
2024-12-12,5770.0,,0.0,Neutral,0.0,Neutral
2024-12-11,5810.0,,0.0,Neutral,0.0,Neutral
2024-12-10,5775.0,,0.0,Neutral,0.0,Neutral
2024-12-09,5765.0,,0.0,Neutral,0.0,Neutral
2024-12-08,5864.0,,0.0,Neutral,0.0,Neutral
2024-12-05,5923.0,,0.0,Neutral,0.0,Neutral
2024-12-04,6000.0,,0.0,Neutral,0.0,Neutral
2024-12-03,6148.0,,0.0,Neutral,0.0,Neutral
2024-12-02,6200.0,,0.0,Neutral,0.0,Neutral
2024-12-01,5851.0,,0.0,Neutral,0.0,Neutral
2024-11-28,5944.0,,0.0,Neutral,0.0,Neutral
2024-11-27,5861.0,,0.0,Neutral,0.0,Neutral
2024-11-26,5737.5,,0.0,Neutral,0.0,Neutral
2024-11-25,5705.0,,0.0,Neutral,0.0,Neutral
2024-11-24,5699.0,,0.0,Neutral,0.0,Neutral
2024-11-21,5700.0,,0.0,Neutral,0.0,Neutral
2024-11-20,5748.0,,0.0,Neutral,0.0,Neutral
2024-11-19,5735.1,,0.0,Neutral,0.0,Neutral
2024-11-17,5850.0,,0.0,Neutral,0.0,Neutral
2024-11-14,5848.0,,0.0,Neutral,0.0,Neutral
2024-11-13,5900.0,,0.0,Neutral,0.0,Neutral
2024-11-12,5994.0,,0.0,Neutral,0.0,Neutral
2024-11-11,5970.0,,0.0,Neutral,0.0,Neutral
2024-11-10,5921.1,,0.0,Neutral,0.0,Neutral
2024-11-06,5867.0,,0.0,Neutral,0.0,Neutral
2024-11-05,5852.0,,0.0,Neutral,0.0,Neutral
2024-10-30,5903.0,,0.0,Neutral,0.0,Neutral
2024-10-29,5885.0,,0.0,Neutral,0.0,Neutral
2024-10-28,5870.0,,0.0,Neutral,0.0,Neutral
2024-10-27,5820.0,,0.0,Neutral,0.0,Neutral
2024-10-24,5785.0,,0.0,Neutral,0.0,Neutral
2024-10-23,5908.0,,0.0,Neutral,0.0,Neutral
2024-10-22,5899.0,,0.0,Neutral,0.0,Neutral
2024-10-21,5850.0,,0.0,Neutral,0.0,Neutral
2024-10-20,5860.0,,0.0,Neutral,0.0,Neutral
2024-10-17,5969.0,,0.0,Neutral,0.0,Neutral
2024-10-16,6090.0,,0.0,Neutral,0.0,Neutral
2024-10-15,5865.0,,0.0,Neutral,0.0,Neutral
2024-10-09,5770.0,,0.0,Neutral,0.0,Neutral
2024-10-08,5821.0,,0.0,Neutral,0.0,Neutral
2024-10-07,5890.0,,0.0,Neutral,0.0,Neutral
2024-10-06,5806.0,,0.0,Neutral,0.0,Neutral
2024-10-02,5764.0,,0.0,Neutral,0.0,Neutral
2024-10-01,5834.0,,0.0,Neutral,0.0,Neutral
2024-09-30,5600.0,,0.0,Neutral,0.0,Neutral
2024-09-29,5520.0,,0.0,Neutral,0.0,Neutral
2024-09-26,5692.0,,0.0,Neutral,0.0,Neutral
2024-09-25,5619.0,,0.0,Neutral,0.0,Neutral
2024-09-24,5520.0,,0.0,Neutral,0.0,Neutral
2024-09-23,5631.0,,0.0,Neutral,0.0,Neutral
2024-09-22,5880.0,,0.0,Neutral,0.0,Neutral
2024-09-18,5884.9,,0.0,Neutral,0.0,Neutral
2024-09-16,5900.0,,0.0,Neutral,0.0,Neutral
2024-09-15,6075.9,,0.0,Neutral,0.0,Neutral
2024-09-12,6130.0,,0.0,Neutral,0.0,Neutral
2024-09-11,6096.0,,0.0,Neutral,0.0,Neutral
2024-09-10,6085.0,,0.0,Neutral,0.0,Neutral
2024-09-09,6025.0,,0.0,Neutral,0.0,Neutral
2024-09-08,6037.0,,0.0,Neutral,0.0,Neutral
2024-09-05,6133.0,,0.0,Neutral,0.0,Neutral
2024-09-04,6113.0,,0.0,Neutral,0.0,Neutral
2024-09-03,6300.0,,0.0,Neutral,0.0,Neutral
2024-09-02,6317.0,,0.0,Neutral,0.0,Neutral
2024-09-01,6149.0,,0.0,Neutral,0.0,Neutral
2024-08-29,6150.0,,0.0,Neutral,0.0,Neutral
2024-08-28,6201.0,,0.0,Neutral,0.0,Neutral
2024-08-27,6300.0,,0.0,Neutral,0.0,Neutral
2024-08-25,6429.2,,0.0,Neutral,0.0,Neutral
2024-08-22,6540.0,,0.0,Neutral,0.0,Neutral
2024-08-21,6650.0,,0.0,Neutral,0.0,Neutral
2024-08-18,6800.0,,0.0,Neutral,0.0,Neutral
2024-08-15,6899.0,,0.0,Neutral,0.0,Neutral
2024-08-14,6774.0,,0.0,Neutral,0.0,Neutral
2024-08-13,6740.0,,0.0,Neutral,0.0,Neutral
2024-08-12,6710.0,,0.0,Neutral,0.0,Neutral
2024-08-11,6399.0,,0.0,Neutral,0.0,Neutral
2024-08-08,6228.0,,0.0,Neutral,0.0,Neutral
2024-08-07,6260.0,,0.0,Neutral,0.0,Neutral
2024-08-06,5901.0,,0.0,Neutral,0.0,Neutral
2024-08-05,6285.0,,0.0,Neutral,0.0,Neutral
2024-08-01,5910.0,,0.0,Neutral,0.0,Neutral
2024-07-31,6150.0,,0.0,Neutral,0.0,Neutral
2024-07-30,5981.0,,0.0,Neutral,0.0,Neutral
2024-07-29,6030.0,,0.0,Neutral,0.0,Neutral
2024-07-28,6310.0,,0.0,Neutral,0.0,Neutral
2024-07-25,6148.0,,0.0,Neutral,0.0,Neutral
2024-07-24,6099.0,,0.0,Neutral,0.0,Neutral
2024-07-23,6300.0,,0.0,Neutral,0.0,Neutral
2024-07-22,5981.0,,0.0,Neutral,0.0,Neutral
2024-07-21,5848.0,,0.0,Neutral,0.0,Neutral
2024-07-18,5480.0,,0.0,Neutral,0.0,Neutral
2024-07-17,5446.0,,0.0,Neutral,0.0,Neutral
2024-07-16,5035.0,,0.0,Neutral,0.0,Neutral
2024-07-15,4905.0,,0.0,Neutral,0.0,Neutral
2024-07-14,4940.0,,0.0,Neutral,0.0,Neutral
2024-07-11,4825.0,,0.0,Neutral,0.0,Neutral
2024-07-10,4849.0,,0.0,Neutral,0.0,Neutral
2024-07-09,4845.0,,0.0,Neutral,0.0,Neutral
2024-07-08,4870.0,,0.0,Neutral,0.0,Neutral
2024-07-07,4900.0,,0.0,Neutral,-0.21425968408584595,Negative
2024-07-04,5026.0,,0.0,Neutral,-0.4285193681716919,Negative
2024-07-03,4997.0,2024-07-03,-0.8570387363433838,Strongly Negative,-0.8570387363433838,Strongly Negative
2024-07-02,4700.0,,0.0,Neutral,0.0,Neutral
2024-07-01,4533.0,,0.0,Neutral,0.0,Neutral
2024-06-30,4525.0,,0.0,Neutral,0.0,Neutral
2024-06-27,4540.0,,0.0,Neutral,0.0,Neutral
2024-06-26,4608.9,,0.0,Neutral,0.0,Neutral
2024-06-25,4590.0,,0.0,Neutral,0.0,Neutral
2024-06-24,4615.0,,0.0,Neutral,0.0,Neutral
2024-06-23,4639.0,,0.0,Neutral,0.0,Neutral
2024-06-20,4600.0,,0.0,Neutral,0.0,Neutral
2024-06-19,4630.0,,0.0,Neutral,0.0,Neutral
2024-06-18,4700.0,,0.0,Neutral,0.0,Neutral
2024-06-16,4730.0,,0.0,Neutral,0.0,Neutral
2024-06-13,4725.0,,0.0,Neutral,0.0,Neutral
2024-06-12,4794.0,,0.0,Neutral,0.0,Neutral
2024-06-11,4810.0,,0.0,Neutral,0.2244972139596939,Positive
2024-06-10,4730.0,,0.0,Neutral,0.4489944279193878,Positive
2024-06-09,4834.0,2024-06-09,0.8979888558387756,Strongly Positive,0.8979888558387756,Strongly Positive
2024-06-06,4919.0,,0.0,Neutral,0.0,Neutral
2024-06-05,4818.0,,0.0,Neutral,0.22398531436920166,Positive
2024-06-04,4864.0,,0.0,Neutral,0.4479706287384033,Positive
2024-06-03,4720.0,2024-06-03,0.8959412574768066,Strongly Positive,0.8959412574768066,Strongly Positive
2024-06-02,4719.0,,0.0,Neutral,0.0,Neutral
2024-05-30,4412.0,,0.0,Neutral,0.0,Neutral
2024-05-29,4415.0,,0.0,Neutral,0.0,Neutral
2024-05-27,4395.0,,0.0,Neutral,0.0,Neutral
2024-05-26,4390.0,,0.0,Neutral,0.0,Neutral
2024-05-22,4450.0,,0.0,Neutral,0.0,Neutral
2024-05-21,4444.0,,0.0,Neutral,0.0,Neutral
2024-05-20,4475.0,,0.0,Neutral,0.0,Neutral
2024-05-19,4360.0,,0.0,Neutral,0.0,Neutral
2024-05-16,4345.0,,0.0,Neutral,0.0,Neutral
2024-05-15,4380.0,,0.0,Neutral,0.0,Neutral
2024-05-14,4320.0,,0.0,Neutral,0.0,Neutral
2024-05-13,4320.0,,0.0,Neutral,-0.2158607393503189,Negative
2024-05-12,4340.0,,0.0,Neutral,-0.4317214787006378,Negative
2024-05-09,4275.0,2024-05-09,-0.8634429574012756,Strongly Negative,-0.8634429574012756,Strongly Negative
2024-05-08,4273.0,,0.0,Neutral,0.0,Neutral
2024-05-07,4270.0,,0.0,Neutral,0.0,Neutral
2024-05-06,4325.0,,0.0,Neutral,0.0,Neutral
2024-05-05,4360.0,,0.0,Neutral,0.0,Neutral
2024-05-02,4390.0,,0.0,Neutral,0.0,Neutral
2024-04-30,4385.2,,0.0,Neutral,0.0,Neutral
2024-04-29,4350.0,,0.0,Neutral,0.0,Neutral
2024-04-28,4375.0,,0.0,Neutral,0.0,Neutral
2024-04-25,4388.0,,0.0,Neutral,0.0,Neutral
2024-04-24,4370.0,,0.0,Neutral,0.0,Neutral
2024-04-22,4375.1,,0.0,Neutral,0.0,Neutral
2024-04-21,4401.0,,0.0,Neutral,0.0,Neutral
2024-04-18,4401.0,,0.0,Neutral,0.0,Neutral
2024-04-16,4460.0,,0.0,Neutral,0.0,Neutral
2024-04-15,4500.0,,0.0,Neutral,0.0,Neutral
2024-04-14,4500.0,,0.0,Neutral,0.0,Neutral
2024-04-10,4500.0,,0.0,Neutral,0.0,Neutral
2024-04-09,4401.2,,0.0,Neutral,0.0,Neutral
2024-04-07,4391.1,,0.0,Neutral,0.0,Neutral
2024-04-04,4387.0,,0.0,Neutral,0.0,Neutral
2024-04-03,4385.0,,0.0,Neutral,0.0,Neutral
2024-04-02,4410.0,,0.0,Neutral,0.0,Neutral
2024-04-01,4410.0,,0.0,Neutral,0.0,Neutral
2024-03-31,4400.0,,0.0,Neutral,0.0,Neutral
2024-03-28,4480.0,,0.0,Neutral,0.0,Neutral
2024-03-27,4486.0,,0.0,Neutral,0.0,Neutral
2024-03-26,4575.0,,0.0,Neutral,0.2288676202297211,Positive
2024-03-25,4580.0,,0.0,Neutral,0.4577352404594422,Positive
2024-03-21,5247.0,2024-03-21,0.9154704809188844,Strongly Positive,0.9154704809188844,Strongly Positive
2024-03-20,5205.0,,0.0,Neutral,0.0,Neutral
2024-03-19,5200.0,,0.0,Neutral,0.0,Neutral
2024-03-18,5270.0,,0.0,Neutral,0.0,Neutral
2024-03-17,5239.0,,0.0,Neutral,0.2325901538133621,Positive
2024-03-14,5265.0,,0.0,Neutral,0.4651803076267242,Positive
2024-03-13,5299.9,2024-03-13,0.9303606152534484,Strongly Positive,0.9303606152534484,Strongly Positive
2024-03-12,5286.0,,0.0,Neutral,0.0,Neutral
2024-03-10,5200.0,,0.0,Neutral,0.0,Neutral
2024-03-07,5150.0,,0.0,Neutral,0.0,Neutral
2024-03-06,5172.0,,0.0,Neutral,0.0,Neutral
2024-03-05,5110.0,,0.0,Neutral,0.0,Neutral
2024-03-04,5200.0,,0.0,Neutral,0.0,Neutral
2024-03-03,5005.1,,0.0,Neutral,0.0,Neutral
2024-02-29,5125.0,,0.0,Neutral,0.0,Neutral
2024-02-28,5300.0,,0.0,Neutral,0.0,Neutral
2024-02-27,5050.0,,0.0,Neutral,0.0,Neutral
2024-02-26,5000.0,,0.0,Neutral,0.0,Neutral
2024-02-25,4920.0,,0.0,Neutral,0.0,Neutral
2024-02-22,4980.0,,0.0,Neutral,0.0,Neutral
2024-02-21,5030.0,,0.0,Neutral,0.0,Neutral
2024-02-20,5058.0,,0.0,Neutral,0.0,Neutral
2024-02-18,5071.0,,0.0,Neutral,0.0,Neutral
2024-02-15,5145.0,,0.0,Neutral,0.0,Neutral
2024-02-14,5185.0,,0.0,Neutral,0.0,Neutral
2024-02-13,5209.0,,0.0,Neutral,0.0,Neutral
2024-02-12,5240.0,,0.0,Neutral,0.0,Neutral
2024-02-11,5212.0,,0.0,Neutral,0.0,Neutral
2024-02-08,5300.0,,0.0,Neutral,0.0,Neutral
2024-02-07,5241.5,,0.0,Neutral,0.0,Neutral
2024-02-06,5250.0,,0.0,Neutral,0.0,Neutral
2024-02-05,5285.0,,0.0,Neutral,0.0,Neutral
2024-02-04,5240.0,,0.0,Neutral,0.0,Neutral
2024-02-01,5230.0,,0.0,Neutral,0.0,Neutral
2024-01-31,5231.0,,0.0,Neutral,0.0,Neutral
2024-01-30,5335.0,,0.0,Neutral,0.0,Neutral
2024-01-29,5280.0,,0.0,Neutral,0.0,Neutral
2024-01-28,5254.0,,0.0,Neutral,0.0,Neutral
2024-01-25,5246.0,,0.0,Neutral,0.0,Neutral
2024-01-24,5211.0,,0.0,Neutral,0.0,Neutral
2024-01-23,5280.0,,0.0,Neutral,0.0,Neutral
2024-01-22,5320.0,,0.0,Neutral,0.0,Neutral
2024-01-21,5300.0,,0.0,Neutral,0.0,Neutral
2024-01-18,5349.0,,0.0,Neutral,0.0,Neutral
2024-01-17,5400.0,,0.0,Neutral,0.0,Neutral
2024-01-16,5498.0,,0.0,Neutral,0.2299889177083969,Positive
2024-01-14,5365.0,,0.0,Neutral,0.4599778354167938,Positive
2024-01-11,5431.0,2024-01-11,0.9199556708335876,Strongly Positive,0.9199556708335876,Strongly Positive
2024-01-10,5400.0,,0.0,Neutral,0.0,Neutral
2024-01-09,5400.0,,0.0,Neutral,0.0,Neutral
2024-01-08,5342.0,,0.0,Neutral,0.0,Neutral
2024-01-07,5301.0,,0.0,Neutral,0.0,Neutral
2024-01-04,5419.0,,0.0,Neutral,0.0,Neutral
2024-01-03,5290.0,,0.0,Neutral,0.0,Neutral
2024-01-02,5280.0,,0.0,Neutral,0.0,Neutral
2024-01-01,5332.0,,0.0,Neutral,0.0,Neutral
2023-12-28,5302.0,,0.0,Neutral,0.0,Neutral
2023-12-27,5400.0,,0.0,Neutral,0.0,Neutral
2023-12-24,5510.0,,0.0,Neutral,0.0,Neutral
2023-12-21,5700.0,,0.0,Neutral,0.0,Neutral
2023-12-20,5679.0,,0.0,Neutral,0.0,Neutral
2023-12-19,5335.0,,0.0,Neutral,0.0,Neutral
2023-12-18,5280.0,,0.0,Neutral,0.0,Neutral
2023-12-17,5250.0,,0.0,Neutral,0.0,Neutral
2023-12-14,5250.0,,0.0,Neutral,0.0,Neutral
2023-12-13,5310.0,,0.0,Neutral,0.0,Neutral
2023-12-12,5300.0,,0.0,Neutral,0.0,Neutral
2023-12-11,5212.0,,0.0,Neutral,0.0,Neutral
2023-12-10,5300.0,,0.0,Neutral,0.0,Neutral
2023-12-07,4971.0,,0.0,Neutral,0.0,Neutral
2023-12-06,4999.9,,0.0,Neutral,0.0,Neutral
2023-12-05,5000.0,,0.0,Neutral,0.0,Neutral
2023-12-04,5000.0,,0.0,Neutral,0.0,Neutral
2023-12-03,5017.0,,0.0,Neutral,0.0,Neutral
2023-11-30,5043.0,,0.0,Neutral,0.0,Neutral
2023-11-29,5063.0,,0.0,Neutral,0.0,Neutral
2023-11-28,5111.0,,0.0,Neutral,0.0,Neutral
2023-11-27,5150.0,,0.0,Neutral,0.0,Neutral
2023-11-26,5169.0,,0.0,Neutral,0.0,Neutral
2023-11-23,5005.0,,0.0,Neutral,0.0,Neutral
2023-11-22,4935.0,,0.0,Neutral,0.0,Neutral
2023-11-21,4888.0,,0.0,Neutral,0.0,Neutral
2023-11-20,4940.0,,0.0,Neutral,0.0,Neutral
2023-11-09,4850.0,,0.0,Neutral,-0.229475200176239,Negative
2023-11-08,4845.0,,0.0,Neutral,-0.458950400352478,Negative
2023-11-07,4855.0,2023-11-07,-0.917900800704956,Strongly Negative,-0.917900800704956,Strongly Negative
2023-11-06,4815.0,,0.0,Neutral,0.0,Neutral
2023-11-05,4685.0,,0.0,Neutral,0.0,Neutral
2023-11-02,4800.0,,0.0,Neutral,0.0,Neutral
2023-11-01,4970.0,,0.0,Neutral,0.0,Neutral
2023-10-31,5000.0,,0.0,Neutral,0.0,Neutral
2023-10-30,5010.0,,0.0,Neutral,0.0,Neutral
2023-10-29,4970.0,,0.0,Neutral,0.0,Neutral
2023-10-19,5100.0,,0.0,Neutral,0.0,Neutral
2023-10-18,5100.5,,0.0,Neutral,0.0,Neutral
2023-10-17,5023.0,,0.0,Neutral,0.0,Neutral
2023-10-16,5086.0,,0.0,Neutral,0.0,Neutral
2023-10-12,5186.0,,0.0,Neutral,0.0,Neutral
2023-10-11,5200.0,,0.0,Neutral,0.0,Neutral
2023-10-10,5206.0,,0.0,Neutral,0.0,Neutral
2023-10-09,5269.0,,0.0,Neutral,0.0,Neutral
2023-10-08,5240.0,,0.0,Neutral,0.0,Neutral
2023-10-05,5355.0,,0.0,Neutral,0.0,Neutral
2023-10-04,5365.0,,0.0,Neutral,0.0,Neutral
2023-10-03,5321.0,,0.0,Neutral,0.0,Neutral
2023-10-02,5401.0,,0.0,Neutral,0.0,Neutral
2023-10-01,5389.0,,0.0,Neutral,0.0,Neutral
2023-09-27,5482.0,,0.0,Neutral,0.0,Neutral
2023-09-26,5500.6,,0.0,Neutral,0.0,Neutral
2023-09-25,5484.0,,0.0,Neutral,0.0,Neutral
2023-09-24,5500.0,,0.0,Neutral,0.0,Neutral
2023-09-21,5625.0,,0.0,Neutral,0.0,Neutral
2023-09-19,5616.0,,0.0,Neutral,0.0,Neutral
2023-09-18,5640.0,,0.0,Neutral,0.0,Neutral
2023-09-17,5580.0,,0.0,Neutral,0.0,Neutral
2023-09-13,5768.0,,0.0,Neutral,0.0,Neutral
2023-09-12,5665.0,,0.0,Neutral,0.0,Neutral
2023-09-11,5700.0,,0.0,Neutral,0.0,Neutral
2023-09-10,5500.0,,0.0,Neutral,0.0,Neutral
2023-09-07,5409.0,,0.0,Neutral,0.0,Neutral
2023-09-05,5424.0,,0.0,Neutral,0.0,Neutral
2023-09-04,5378.0,,0.0,Neutral,0.0,Neutral
2023-09-03,5314.1,,0.0,Neutral,0.0,Neutral
2023-08-30,5376.9,,0.0,Neutral,0.0,Neutral
2023-08-29,5300.1,,0.0,Neutral,0.0,Neutral
2023-08-28,5300.0,,0.0,Neutral,0.0,Neutral
2023-08-27,5260.0,,0.0,Neutral,0.0,Neutral
2023-08-24,5303.0,,0.0,Neutral,0.0,Neutral
2023-08-23,5385.0,,0.0,Neutral,0.0,Neutral
2023-08-22,5277.1,,0.0,Neutral,-0.0729398801922798,Slightly Negative
2023-08-21,5265.1,,0.0,Neutral,-0.1458797603845596,Slightly Negative
2023-08-20,5320.0,2023-08-20,-0.2917595207691192,Negative,-0.2917595207691192,Negative
2023-08-17,5349.0,,0.0,Neutral,0.0,Neutral
2023-08-16,5231.5,,0.0,Neutral,0.0,Neutral
2023-08-15,5284.0,,0.0,Neutral,0.0,Neutral
2023-08-14,5300.0,,0.0,Neutral,0.0,Neutral
2023-08-13,5370.0,,0.0,Neutral,0.0,Neutral
2023-08-10,5363.0,,0.0,Neutral,0.0,Neutral
2023-08-09,5324.0,,0.0,Neutral,0.0,Neutral
2023-08-08,5119.0,,0.0,Neutral,0.0,Neutral
2023-08-07,5269.0,,0.0,Neutral,0.0,Neutral
2023-08-06,5219.0,,0.0,Neutral,0.0,Neutral
2023-08-03,5340.0,,0.0,Neutral,0.0,Neutral
2023-08-02,5225.0,,0.0,Neutral,0.0,Neutral
2023-08-01,5234.0,,0.0,Neutral,0.0,Neutral
2023-07-31,5320.0,,0.0,Neutral,0.0,Neutral
2023-07-30,5223.0,,0.0,Neutral,0.0,Neutral
2023-07-27,5322.0,,0.0,Neutral,0.0,Neutral
2023-07-26,5471.0,,0.0,Neutral,0.0,Neutral
2023-07-25,5541.0,,0.0,Neutral,0.0,Neutral
2023-07-24,5523.0,,0.0,Neutral,0.0,Neutral
2023-07-23,5670.0,,0.0,Neutral,0.0,Neutral
2023-07-20,5480.0,,0.0,Neutral,0.0,Neutral
2023-07-19,5174.9,,0.0,Neutral,0.0,Neutral
2023-07-18,4950.0,,0.0,Neutral,0.0,Neutral
2023-07-17,4975.0,,0.0,Neutral,0.0,Neutral
2023-07-16,4899.0,,0.0,Neutral,0.0,Neutral
2023-07-13,4912.0,,0.0,Neutral,0.0,Neutral
2023-07-12,4995.0,,0.0,Neutral,0.0,Neutral
2023-07-11,4987.0,,0.0,Neutral,0.0,Neutral
2023-07-10,5016.0,,0.0,Neutral,0.0,Neutral
2023-07-09,5013.0,,0.0,Neutral,0.0,Neutral
2023-07-06,4802.0,,0.0,Neutral,0.0,Neutral
2023-07-05,4800.0,,0.0,Neutral,0.0,Neutral
2023-07-04,4860.0,,0.0,Neutral,0.0,Neutral
2023-07-03,4824.0,,0.0,Neutral,0.0,Neutral
2023-07-02,4795.0,,0.0,Neutral,0.0,Neutral
2023-06-28,4900.0,,0.0,Neutral,0.0,Neutral
2023-06-27,5030.0,,0.0,Neutral,0.0,Neutral
2023-06-26,5079.0,,0.0,Neutral,0.0,Neutral
2023-06-25,5090.0,,0.0,Neutral,0.0,Neutral
2023-06-22,4830.0,,0.0,Neutral,0.0,Neutral
2023-06-21,4849.0,,0.0,Neutral,0.0,Neutral
2023-06-20,4830.0,,0.0,Neutral,0.0,Neutral
2023-06-19,4833.0,,0.0,Neutral,0.0,Neutral
2023-06-18,4870.2,,0.0,Neutral,0.0,Neutral
2023-06-15,4680.0,,0.0,Neutral,0.0,Neutral
2023-06-14,4765.0,,0.0,Neutral,0.0,Neutral
2023-06-13,4799.0,,0.0,Neutral,0.0,Neutral
2023-06-12,4705.0,,0.0,Neutral,0.0,Neutral
2023-06-11,4695.0,,0.0,Neutral,0.0,Neutral
2023-06-08,4505.0,,0.0,Neutral,0.0,Neutral
2023-06-07,4259.0,,0.0,Neutral,0.0,Neutral
2023-06-06,4040.0,,0.0,Neutral,0.0,Neutral
2023-06-05,3980.0,,0.0,Neutral,0.0,Neutral
2023-06-04,4046.0,,0.0,Neutral,0.0,Neutral
2023-06-01,3899.0,,0.0,Neutral,0.0,Neutral
2023-05-31,3880.0,,0.0,Neutral,0.0,Neutral
2023-05-30,3944.0,,0.0,Neutral,0.0,Neutral
2023-05-28,4067.0,,0.0,Neutral,0.0,Neutral
2023-05-24,4064.0,,0.0,Neutral,0.0,Neutral
2023-05-23,3999.0,,0.0,Neutral,0.0,Neutral
2023-05-22,3849.0,,0.0,Neutral,0.08551681041717528,Slightly Positive
2023-05-21,3870.0,,0.0,Neutral,0.17103362083435056,Slightly Positive
2023-05-18,3795.0,2023-05-18,0.3420672416687011,Positive,0.3420672416687011,Positive
2023-05-17,3650.0,,0.0,Neutral,0.2255961149930954,Positive
2023-05-16,3620.5,,0.0,Neutral,0.4511922299861908,Positive
2023-05-15,3623.0,2023-05-15,0.9023844599723816,Strongly Positive,0.9023844599723816,Strongly Positive
2023-05-14,3634.0,,0.0,Neutral,0.0,Neutral
2023-05-11,3657.0,,0.0,Neutral,0.0,Neutral
2023-05-10,3680.0,,0.0,Neutral,0.0,Neutral
2023-05-09,3690.0,,0.0,Neutral,0.0,Neutral
2023-05-08,3680.0,,0.0,Neutral,0.0,Neutral
2023-05-07,3710.0,,0.0,Neutral,0.0,Neutral
2023-05-04,3731.0,,0.0,Neutral,0.0,Neutral
2023-05-03,3700.0,,0.0,Neutral,0.0,Neutral
2023-05-02,3705.0,,0.0,Neutral,0.0,Neutral
2023-04-30,3771.0,,0.0,Neutral,0.0,Neutral
2023-04-27,3844.9,,0.0,Neutral,0.0,Neutral
2023-04-26,3846.8,,0.0,Neutral,0.0,Neutral
2023-04-25,3857.0,,0.0,Neutral,0.0,Neutral
2023-04-24,3831.0,,0.0,Neutral,0.0,Neutral
2023-04-23,3820.1,,0.0,Neutral,0.0,Neutral
2023-04-20,3880.0,,0.0,Neutral,0.0,Neutral
2023-04-19,3900.0,,0.0,Neutral,0.0,Neutral
2023-04-18,3850.0,,0.0,Neutral,0.0,Neutral
2023-04-17,3880.0,,0.0,Neutral,0.0,Neutral
2023-04-16,3917.0,,0.0,Neutral,0.0,Neutral
2023-04-13,3960.0,,0.0,Neutral,0.0,Neutral
2023-04-12,4020.0,,0.0,Neutral,0.0,Neutral
2023-04-11,3870.0,,0.0,Neutral,0.0,Neutral
2023-04-10,3835.0,,0.0,Neutral,0.0,Neutral
2023-04-09,3779.0,,0.0,Neutral,0.0,Neutral
2023-04-06,3829.0,,0.0,Neutral,0.0,Neutral
2023-04-05,3810.0,,0.0,Neutral,0.0,Neutral
2023-04-04,3835.0,,0.0,Neutral,0.0,Neutral
2023-04-03,3819.9,,0.0,Neutral,0.0,Neutral
2023-04-02,3781.0,,0.0,Neutral,0.0,Neutral
2023-03-30,3900.0,,0.0,Neutral,0.0,Neutral
2023-03-29,3889.0,,0.0,Neutral,0.0,Neutral
2023-03-28,3920.0,,0.0,Neutral,0.0,Neutral
2023-03-27,3875.0,,0.0,Neutral,0.0,Neutral
2023-03-26,3810.0,,0.0,Neutral,0.0,Neutral
2023-03-23,3900.0,,0.0,Neutral,0.0,Neutral
2023-03-22,4000.0,,0.0,Neutral,0.0,Neutral
2023-03-20,4000.0,,0.0,Neutral,0.0,Neutral
2023-03-19,3839.0,,0.0,Neutral,0.0,Neutral
2023-03-16,3845.0,,0.0,Neutral,0.0,Neutral
2023-03-15,3750.0,,0.0,Neutral,0.0,Neutral
2023-03-14,3720.0,,0.0,Neutral,0.0,Neutral
2023-03-13,3826.0,,0.0,Neutral,0.22921280562877655,Positive
2023-03-12,3889.0,,0.0,Neutral,0.4584256112575531,Positive
2023-03-09,4335.0,2023-03-09,0.9168512225151062,Strongly Positive,0.9168512225151062,Strongly Positive
2023-03-07,4200.0,,0.0,Neutral,0.005329401697963475,Neutral
2023-03-05,4190.0,,0.0,Neutral,0.01065880339592695,Neutral
2023-03-02,4200.0,2023-03-02,0.0213176067918539,Neutral,0.0213176067918539,Neutral
2023-03-01,4305.0,,0.0,Neutral,0.2319926768541336,Positive
2023-02-28,4333.0,,0.0,Neutral,0.4639853537082672,Positive
2023-02-27,4325.0,2023-02-27,0.9279707074165344,Strongly Positive,0.9279707074165344,Strongly Positive
2023-02-26,4320.0,,0.0,Neutral,0.0,Neutral
2023-02-23,4390.0,,0.0,Neutral,0.0,Neutral
2023-02-22,4494.0,,0.0,Neutral,0.0,Neutral
2023-02-20,4494.0,,0.0,Neutral,0.0,Neutral
2023-02-16,4471.0,,0.0,Neutral,0.0,Neutral
2023-02-15,4545.0,,0.0,Neutral,0.0,Neutral
2023-02-14,4560.0,,0.0,Neutral,0.0,Neutral
2023-02-12,4580.0,,0.0,Neutral,0.0,Neutral
2023-02-09,4648.0,,0.0,Neutral,0.0,Neutral
2023-02-08,4640.0,,0.0,Neutral,0.0,Neutral
2023-02-07,4625.0,,0.0,Neutral,0.0,Neutral
2023-02-06,4448.0,,0.0,Neutral,0.0,Neutral
2023-02-05,4450.0,,0.0,Neutral,0.0,Neutral
2023-02-02,4500.0,,0.0,Neutral,0.0,Neutral
2023-02-01,4550.0,,0.0,Neutral,0.0,Neutral
2023-01-31,4550.0,,0.0,Neutral,0.0,Neutral
2023-01-30,4580.0,,0.0,Neutral,0.0,Neutral
2023-01-29,4670.0,,0.0,Neutral,0.0,Neutral
2023-01-26,4686.0,,0.0,Neutral,0.0,Neutral
2023-01-25,4678.0,,0.0,Neutral,0.0,Neutral
2023-01-24,4635.0,,0.0,Neutral,0.0,Neutral
2023-01-23,4625.0,,0.0,Neutral,0.0,Neutral
2023-01-19,4618.0,,0.0,Neutral,0.1872071847319603,Slightly Positive
2023-01-18,4495.0,,0.0,Neutral,0.3744143694639206,Positive
2023-01-12,4880.0,2023-01-12,0.7488287389278412,Strongly Positive,0.7488287389278412,Strongly Positive
2023-01-10,4830.0,,0.0,Neutral,0.0,Neutral
2023-01-09,4971.0,,0.0,Neutral,0.0,Neutral
2023-01-08,4800.0,,0.0,Neutral,0.0,Neutral
2023-01-05,4655.0,,0.0,Neutral,0.0,Neutral
2023-01-04,4554.0,,0.0,Neutral,0.0,Neutral
2023-01-03,4140.0,,0.0,Neutral,0.0,Neutral
2023-01-02,4000.0,,0.0,Neutral,0.0,Neutral
2023-01-01,3860.0,,0.0,Neutral,0.0,Neutral
2022-12-29,3834.0,,0.0,Neutral,0.0,Neutral
2022-12-28,3742.0,,0.0,Neutral,0.0,Neutral
2022-12-27,3760.0,,0.0,Neutral,0.0,Neutral
2022-12-26,3650.0,,0.0,Neutral,0.0,Neutral
2022-12-22,3550.0,,0.0,Neutral,0.0,Neutral
2022-12-21,3590.0,,0.0,Neutral,0.0,Neutral
2022-12-20,3628.9,,0.0,Neutral,0.0,Neutral
2022-12-19,3595.5,,0.0,Neutral,0.0,Neutral
2022-12-18,3590.0,,0.0,Neutral,0.0,Neutral
2022-12-15,3570.0,,0.0,Neutral,0.0,Neutral
2022-12-14,3580.0,,0.0,Neutral,0.0,Neutral
2022-12-13,3580.0,,0.0,Neutral,0.0,Neutral
2022-12-12,3590.0,,0.0,Neutral,0.0,Neutral
2022-12-11,3601.0,,0.0,Neutral,0.0,Neutral
2022-12-07,3640.0,,0.0,Neutral,0.0,Neutral
2022-12-06,3680.0,,0.0,Neutral,0.0,Neutral
2022-12-05,3697.0,,0.0,Neutral,0.0,Neutral
2022-12-04,3750.0,,0.0,Neutral,0.0,Neutral
2022-12-01,3719.0,,0.0,Neutral,0.0,Neutral
2022-11-30,3678.0,,0.0,Neutral,0.0,Neutral
2022-11-29,3640.3,,0.0,Neutral,0.0,Neutral
2022-11-28,3660.0,,0.0,Neutral,0.0,Neutral
2022-11-27,3650.0,,0.0,Neutral,0.0,Neutral
2022-11-24,3595.0,,0.0,Neutral,0.0,Neutral
2022-11-23,3550.0,,0.0,Neutral,0.0,Neutral
2022-11-22,3516.0,,0.0,Neutral,0.0,Neutral
2022-11-17,3545.0,,0.0,Neutral,0.0,Neutral
2022-11-16,3468.8,,0.0,Neutral,0.0,Neutral
2022-11-15,3500.0,,0.0,Neutral,0.0,Neutral
2022-11-14,3487.0,,0.0,Neutral,0.0,Neutral
2022-11-13,3471.0,,0.0,Neutral,0.0,Neutral
2022-11-10,3540.0,,0.0,Neutral,0.0,Neutral
2022-11-09,3590.0,,0.0,Neutral,0.0,Neutral
2022-11-08,3630.0,,0.0,Neutral,0.0,Neutral
2022-11-07,3695.0,,0.0,Neutral,0.0,Neutral
2022-11-06,3667.0,,0.0,Neutral,0.0,Neutral
2022-11-03,3555.0,,0.0,Neutral,0.0,Neutral
2022-11-02,3575.0,,0.0,Neutral,0.0,Neutral
2022-11-01,3638.0,,0.0,Neutral,0.0,Neutral
2022-10-31,3448.0,,0.0,Neutral,0.0,Neutral
2022-10-23,3410.0,,0.0,Neutral,0.0,Neutral
2022-10-20,3400.0,,0.0,Neutral,0.0,Neutral
2022-10-19,3397.0,,0.0,Neutral,0.0,Neutral
2022-10-17,3435.0,,0.0,Neutral,0.0,Neutral
2022-10-16,3425.0,,0.0,Neutral,0.0,Neutral
2022-10-13,3480.0,,0.0,Neutral,0.0,Neutral
2022-10-12,3475.0,,0.0,Neutral,0.0,Neutral
2022-10-11,3509.0,,0.0,Neutral,0.0,Neutral
2022-10-10,3500.0,,0.0,Neutral,0.0,Neutral
2022-10-09,3515.0,,0.0,Neutral,0.0,Neutral
2022-09-29,3488.0,,0.0,Neutral,0.0,Neutral
2022-09-28,3489.0,,0.0,Neutral,0.0,Neutral
2022-09-27,3499.0,,0.0,Neutral,0.0,Neutral
2022-09-25,3450.0,,0.0,Neutral,0.0,Neutral
2022-09-22,3490.0,,0.0,Neutral,0.0,Neutral
2022-09-21,3481.0,,0.0,Neutral,0.0,Neutral
2022-09-20,3460.0,,0.0,Neutral,0.0,Neutral
2022-09-18,3561.0,,0.0,Neutral,0.0,Neutral
2022-09-16,3688.0,,0.0,Neutral,0.0,Neutral
2022-09-15,3690.0,,0.0,Neutral,0.0,Neutral
2022-09-14,3833.0,,0.0,Neutral,0.0,Neutral
2022-09-13,3623.5,,0.0,Neutral,0.0,Neutral
2022-09-12,3571.0,,0.0,Neutral,0.0,Neutral
2022-09-11,3596.0,,0.0,Neutral,0.0,Neutral
2022-09-08,3611.0,,0.0,Neutral,0.0,Neutral
2022-09-07,3650.0,,0.0,Neutral,0.0,Neutral
2022-09-06,3752.0,,0.0,Neutral,0.0,Neutral
2022-09-05,3795.0,,0.0,Neutral,0.0,Neutral
2022-09-04,3825.0,,0.0,Neutral,0.0,Neutral
2022-09-02,3835.0,,0.0,Neutral,0.0,Neutral
2022-09-01,3836.0,,0.0,Neutral,0.0,Neutral
2022-08-31,3840.0,,0.0,Neutral,0.0,Neutral
2022-08-30,3891.0,,0.0,Neutral,0.0,Neutral
2022-08-29,3900.0,,0.0,Neutral,0.0,Neutral
2022-08-28,3850.0,,0.0,Neutral,0.0,Neutral
2022-08-26,3940.0,,0.0,Neutral,0.0,Neutral
2022-08-25,4039.0,,0.0,Neutral,0.0,Neutral
2022-08-24,4076.1,,0.0,Neutral,0.0,Neutral
2022-08-23,4128.0,,0.0,Neutral,0.0,Neutral
2022-08-22,4099.0,,0.0,Neutral,0.0,Neutral
2022-08-21,4099.0,,0.0,Neutral,0.0,Neutral
2022-08-18,4184.0,,0.0,Neutral,0.0,Neutral
2022-08-17,4145.0,,0.0,Neutral,0.0,Neutral
2022-08-16,4144.0,,0.0,Neutral,0.0,Neutral
2022-08-15,4212.0,,0.0,Neutral,0.0,Neutral
2022-08-14,4020.0,,0.0,Neutral,0.0,Neutral
2022-08-11,4120.0,,0.0,Neutral,0.0,Neutral
2022-08-10,4128.0,,0.0,Neutral,0.0,Neutral
2022-08-09,4200.0,,0.0,Neutral,0.0,Neutral
2022-08-08,4340.0,,0.0,Neutral,0.0,Neutral
2022-08-07,4380.0,,0.0,Neutral,0.0,Neutral
2022-08-05,4262.0,,0.0,Neutral,0.0,Neutral
2022-08-04,4400.0,,0.0,Neutral,0.0,Neutral
2022-08-03,4639.0,,0.0,Neutral,0.0,Neutral
2022-08-02,4440.0,,0.0,Neutral,0.0,Neutral
2022-08-01,4350.0,,0.0,Neutral,0.0,Neutral
2022-07-31,4175.0,,0.0,Neutral,0.0,Neutral
2022-07-29,4039.0,,0.0,Neutral,0.0,Neutral
2022-07-28,4030.0,,0.0,Neutral,0.0,Neutral
2022-07-27,4030.0,,0.0,Neutral,0.0,Neutral
2022-07-26,4040.0,,0.0,Neutral,0.0,Neutral
2022-07-25,4119.0,,0.0,Neutral,0.0,Neutral
2022-07-24,4024.0,,0.0,Neutral,0.0,Neutral
2022-07-22,3838.1,,0.0,Neutral,0.0,Neutral
2022-07-21,3950.0,,0.0,Neutral,0.0,Neutral
2022-07-20,4014.0,,0.0,Neutral,0.0,Neutral
2022-07-19,4040.0,,0.0,Neutral,0.0,Neutral
2022-07-18,3980.0,,0.0,Neutral,0.0,Neutral
2022-07-17,3980.0,,0.0,Neutral,0.2299020737409592,Positive
2022-07-15,3950.0,,0.0,Neutral,0.4598041474819184,Positive
2022-07-14,3975.0,2022-07-14,0.9196082949638368,Strongly Positive,0.9196082949638368,Strongly Positive
2022-07-13,3975.0,,0.0,Neutral,0.0,Neutral
2022-07-12,3745.0,,0.0,Neutral,0.0,Neutral
2022-07-11,3688.0,,0.0,Neutral,0.0,Neutral
2022-07-08,3916.0,,0.0,Neutral,0.0,Neutral
2022-07-07,4040.0,,0.0,Neutral,0.0,Neutral
2022-07-06,4090.0,,0.0,Neutral,0.0,Neutral
2022-07-05,4100.0,,0.0,Neutral,0.0,Neutral
2022-07-04,4263.0,,0.0,Neutral,0.0,Neutral
2022-07-03,3989.7,,0.0,Neutral,0.0,Neutral
2022-07-01,3627.0,,0.0,Neutral,0.0,Neutral
2022-06-30,3585.0,,0.0,Neutral,0.0,Neutral
2022-06-29,3310.0,,0.0,Neutral,0.0,Neutral
2022-06-28,3070.0,,0.0,Neutral,0.0,Neutral
2022-06-27,3100.0,,0.0,Neutral,0.0,Neutral
2022-06-26,3150.0,,0.0,Neutral,0.0,Neutral
2022-06-24,2935.0,,0.0,Neutral,0.0,Neutral
2022-06-23,2927.0,,0.0,Neutral,0.0,Neutral
2022-06-22,3000.0,,0.0,Neutral,0.0,Neutral
2022-06-21,3031.0,,0.0,Neutral,0.0,Neutral
2022-06-20,2950.0,,0.0,Neutral,0.0,Neutral
2022-06-19,2987.0,,0.0,Neutral,0.0,Neutral
2022-06-17,3050.0,,0.0,Neutral,0.0,Neutral
2022-06-16,3060.0,,0.0,Neutral,0.0,Neutral
2022-06-15,3020.0,,0.0,Neutral,0.0,Neutral
2022-06-14,3100.0,,0.0,Neutral,0.0,Neutral
2022-06-13,3198.0,,0.0,Neutral,0.0,Neutral
2022-06-10,3248.0,,0.0,Neutral,0.0,Neutral
2022-06-09,3289.0,,0.0,Neutral,0.0,Neutral
2022-06-08,3280.0,,0.0,Neutral,0.0,Neutral
2022-06-07,3160.0,,0.0,Neutral,0.0,Neutral
2022-06-06,3211.0,,0.0,Neutral,0.0,Neutral
2022-06-03,3220.0,,0.0,Neutral,0.0,Neutral
2022-06-02,3321.0,,0.0,Neutral,0.229248046875,Positive
2022-06-01,3430.0,,0.0,Neutral,0.45849609375,Positive
2022-05-31,3507.0,2022-05-31,0.9169921875,Strongly Positive,0.9169921875,Strongly Positive
2022-05-30,3580.0,,0.0,Neutral,0.0,Neutral
2022-05-27,3710.0,,0.0,Neutral,0.0,Neutral
2022-05-26,3740.0,,0.0,Neutral,0.2277071475982666,Positive
2022-05-25,3723.0,,0.0,Neutral,0.4554142951965332,Positive
2022-05-24,3660.0,2022-05-24,0.9108285903930664,Strongly Positive,0.9108285903930664,Strongly Positive
2022-05-23,3669.0,,0.0,Neutral,0.0,Neutral
2022-05-20,3700.0,,0.0,Neutral,0.0,Neutral
2022-05-19,3810.0,,0.0,Neutral,0.0,Neutral
2022-05-18,3855.0,,0.0,Neutral,0.0,Neutral
2022-05-17,3875.0,,0.0,Neutral,0.0,Neutral
2022-05-12,3975.0,,0.0,Neutral,0.0,Neutral
2022-05-11,4039.0,,0.0,Neutral,0.0,Neutral
2022-05-10,4004.0,,0.0,Neutral,0.0,Neutral
2022-05-09,4000.0,,0.0,Neutral,0.0,Neutral
2022-05-08,3930.0,,0.0,Neutral,0.0,Neutral
2022-05-05,3918.0,,0.0,Neutral,0.0,Neutral
2022-05-04,4000.0,,0.0,Neutral,0.0,Neutral
2022-05-02,4089.0,,0.0,Neutral,0.0,Neutral
2022-04-28,4126.2,,0.0,Neutral,0.0,Neutral
2022-04-27,4200.0,,0.0,Neutral,0.0,Neutral
2022-04-26,4200.0,,0.0,Neutral,0.0,Neutral
2022-04-25,4203.0,,0.0,Neutral,0.0,Neutral
2022-04-24,4220.0,,0.0,Neutral,0.0,Neutral
2022-04-21,4220.0,,0.0,Neutral,0.0,Neutral
2022-04-20,4263.0,,0.0,Neutral,0.0,Neutral
2022-04-19,4287.0,,0.0,Neutral,0.0,Neutral
2022-04-18,4288.0,,0.0,Neutral,0.0,Neutral
2022-04-17,4311.0,,0.0,Neutral,0.0,Neutral
2022-04-13,4290.0,,0.0,Neutral,0.0,Neutral
2022-04-12,4300.0,,0.0,Neutral,0.0,Neutral
2022-04-11,4382.0,,0.0,Neutral,0.0,Neutral
2022-04-07,4498.0,,0.0,Neutral,0.0,Neutral
2022-04-06,4400.0,,0.0,Neutral,0.0,Neutral
2022-04-05,4535.0,,0.0,Neutral,0.0,Neutral
2022-04-04,4610.0,,0.0,Neutral,0.0,Neutral
2022-04-03,4687.0,,0.0,Neutral,0.0,Neutral
2022-03-31,4760.0,,0.0,Neutral,0.0,Neutral
2022-03-30,4701.0,,0.0,Neutral,0.22902750968933105,Positive
2022-03-29,4710.0,,0.0,Neutral,0.4580550193786621,Positive
2022-03-28,5152.0,2022-03-28,0.9161100387573242,Strongly Positive,0.9161100387573242,Strongly Positive
2022-03-27,5300.0,,0.0,Neutral,0.0,Neutral
2022-03-24,5425.0,,0.0,Neutral,0.2311154007911682,Positive
2022-03-23,5507.9,,0.0,Neutral,0.4622308015823364,Positive
2022-03-22,5465.0,2022-03-22,0.9244616031646729,Strongly Positive,0.9244616031646729,Strongly Positive
2022-03-21,5517.0,,0.0,Neutral,0.0,Neutral
2022-03-20,5425.0,,0.0,Neutral,0.0,Neutral
2022-03-16,5500.0,,0.0,Neutral,0.0,Neutral
2022-03-15,5589.0,,0.0,Neutral,0.2289588004350662,Positive
2022-03-14,5640.0,,0.0,Neutral,0.4579176008701324,Positive
2022-03-13,5865.0,2022-03-13,0.9158352017402648,Strongly Positive,0.9158352017402648,Strongly Positive
2022-03-10,5618.0,,0.0,Neutral,0.0,Neutral
2022-03-09,5505.0,,0.0,Neutral,0.0,Neutral
2022-03-07,5650.0,,0.0,Neutral,0.0,Neutral
2022-03-06,5671.0,,0.0,Neutral,0.0,Neutral
2022-03-02,5710.0,,0.0,Neutral,0.0,Neutral
2022-02-28,5850.0,,0.0,Neutral,0.0,Neutral
2022-02-27,6040.0,,0.0,Neutral,0.0,Neutral
2022-02-24,6050.0,,0.0,Neutral,0.0,Neutral
2022-02-23,6168.0,,0.0,Neutral,0.0,Neutral
2022-02-22,6230.0,,0.0,Neutral,0.0,Neutral
2022-02-21,6219.0,,0.0,Neutral,0.0,Neutral
2022-02-20,6220.0,,0.0,Neutral,0.0,Neutral
2022-02-17,6345.0,,0.0,Neutral,0.0,Neutral
2022-02-16,6300.0,,0.0,Neutral,0.0,Neutral
2022-02-15,6400.0,,0.0,Neutral,0.0,Neutral
2022-02-14,6300.0,,0.0,Neutral,0.0,Neutral
2022-02-13,6400.0,,0.0,Neutral,0.0,Neutral
2022-02-10,6535.0,,0.0,Neutral,0.0,Neutral
2022-02-09,6403.0,,0.0,Neutral,0.0,Neutral
2022-02-08,6500.0,,0.0,Neutral,0.0,Neutral
2022-02-07,6490.0,,0.0,Neutral,0.0,Neutral
2022-02-06,6470.0,,0.0,Neutral,0.0,Neutral
2022-02-03,6576.0,,0.0,Neutral,0.0,Neutral
2022-02-01,6623.1,,0.0,Neutral,0.0,Neutral
2022-01-31,6660.0,,0.0,Neutral,0.0,Neutral
2022-01-30,6699.0,,0.0,Neutral,0.0,Neutral
2022-01-27,6343.0,,0.0,Neutral,0.0,Neutral
2022-01-26,6350.0,,0.0,Neutral,0.0,Neutral
2022-01-25,6425.0,,0.0,Neutral,0.0,Neutral
2022-01-24,6450.0,,0.0,Neutral,0.0,Neutral
2022-01-23,6680.1,,0.0,Neutral,0.0,Neutral
2022-01-20,6795.0,,0.0,Neutral,0.0,Neutral
2022-01-19,6700.0,,0.0,Neutral,0.0,Neutral
2022-01-18,6870.0,,0.0,Neutral,0.0,Neutral
2022-01-17,7050.0,,0.0,Neutral,0.0,Neutral
2022-01-16,7068.0,,0.0,Neutral,0.0,Neutral
2022-01-13,6880.0,,0.0,Neutral,0.0,Neutral
2022-01-12,6720.0,,0.0,Neutral,0.0,Neutral
2022-01-11,6680.0,,0.0,Neutral,0.0,Neutral
2022-01-10,6600.0,,0.0,Neutral,0.0,Neutral
2022-01-09,6450.0,,0.0,Neutral,0.0,Neutral
2022-01-06,6025.0,,0.0,Neutral,0.0,Neutral
2022-01-05,6050.0,,0.0,Neutral,0.22508040070533752,Positive
2022-01-04,6220.0,,0.0,Neutral,0.45016080141067505,Positive
2022-01-03,6110.0,2022-01-03,0.9003216028213501,Strongly Positive,0.9003216028213501,Strongly Positive
2022-01-02,5650.0,,0.0,Neutral,0.0,Neutral
2021-12-29,5600.0,,0.0,Neutral,0.0,Neutral
2021-12-28,5656.0,,0.0,Neutral,0.17388664186000824,Slightly Positive
2021-12-27,5600.0,,0.0,Neutral,0.3477732837200165,Positive
2021-12-26,5775.0,2021-12-26,0.695546567440033,Strongly Positive,0.695546567440033,Strongly Positive
2021-12-23,5690.0,,0.0,Neutral,0.0,Neutral
2021-12-22,5699.0,,0.0,Neutral,0.0,Neutral
2021-12-21,5260.0,,0.0,Neutral,0.0,Neutral
2021-12-20,5105.0,,0.0,Neutral,0.0,Neutral
2021-12-16,5100.0,,0.0,Neutral,0.0,Neutral
2021-12-15,5225.0,,0.0,Neutral,0.0,Neutral
2021-12-14,5200.0,,0.0,Neutral,0.0,Neutral
2021-12-13,4830.0,,0.0,Neutral,0.0,Neutral
2021-12-12,5001.0,,0.0,Neutral,0.0,Neutral
2021-12-09,5420.0,,0.0,Neutral,0.0,Neutral
2021-12-08,5460.0,,0.0,Neutral,0.0,Neutral
2021-12-07,5665.9,,0.0,Neutral,0.0,Neutral
2021-12-06,5590.0,,0.0,Neutral,0.0,Neutral
2021-12-05,5601.1,,0.0,Neutral,0.0,Neutral
2021-12-02,5877.0,,0.0,Neutral,0.0,Neutral
2021-12-01,5948.0,,0.0,Neutral,0.0,Neutral
2021-11-30,5920.0,,0.0,Neutral,0.0,Neutral
2021-11-29,5975.0,,0.0,Neutral,0.0,Neutral
2021-11-28,5990.0,,0.0,Neutral,0.0,Neutral
2021-11-25,6360.0,,0.0,Neutral,0.0,Neutral
2021-11-24,6469.0,,0.0,Neutral,0.0,Neutral
2021-11-23,6550.0,,0.0,Neutral,0.0,Neutral
2021-11-22,6650.0,,0.0,Neutral,0.0,Neutral
2021-11-21,6629.0,,0.0,Neutral,0.0,Neutral
2021-11-18,6760.0,,0.0,Neutral,0.0,Neutral
2021-11-17,6900.0,,0.0,Neutral,0.0,Neutral
2021-11-16,6825.0,,0.0,Neutral,0.0,Neutral
2021-11-15,6735.0,,0.0,Neutral,0.0,Neutral
2021-11-14,6640.0,,0.0,Neutral,0.0,Neutral
2021-11-11,6682.0,,0.0,Neutral,0.0,Neutral
2021-11-09,6790.0,,0.0,Neutral,0.0,Neutral
2021-11-08,6900.0,,0.0,Neutral,0.0,Neutral
2021-11-03,6949.0,,0.0,Neutral,0.0,Neutral
2021-11-02,6912.0,,0.0,Neutral,0.0,Neutral
2021-11-01,7050.0,,0.0,Neutral,0.0,Neutral
2021-10-31,7139.0,,0.0,Neutral,0.0,Neutral
2021-10-28,6739.0,,0.0,Neutral,0.0,Neutral
2021-10-27,6746.0,,0.0,Neutral,0.0,Neutral
2021-10-26,6710.0,,0.0,Neutral,0.0,Neutral
2021-10-25,6500.1,,0.0,Neutral,0.0,Neutral
2021-10-24,6460.0,,0.0,Neutral,0.0,Neutral
2021-10-21,6574.0,,0.0,Neutral,0.0,Neutral
2021-10-20,6660.0,,0.0,Neutral,0.2292806953191757,Positive
2021-10-19,6475.0,,0.0,Neutral,0.4585613906383514,Positive
2021-10-18,7889.0,2021-10-18,0.9171227812767028,Strongly Positive,0.9171227812767028,Strongly Positive
2021-10-17,7806.0,,0.0,Neutral,0.0,Neutral
2021-10-11,7660.0,,0.0,Neutral,0.0,Neutral
2021-10-10,7815.0,,0.0,Neutral,0.0,Neutral
2021-10-06,7900.0,,0.0,Neutral,0.0,Neutral
2021-10-05,7742.0,,0.0,Neutral,0.2135847806930542,Positive
2021-10-04,7950.0,,0.0,Neutral,0.4271695613861084,Positive
2021-10-03,8013.0,2021-10-03,0.8543391227722168,Strongly Positive,0.8543391227722168,Strongly Positive
2021-09-30,8136.0,,0.0,Neutral,0.0,Neutral
2021-09-29,7778.0,,0.0,Neutral,0.0,Neutral
2021-09-28,7575.0,,0.0,Neutral,0.0,Neutral
2021-09-27,7790.0,,0.0,Neutral,0.0,Neutral
2021-09-26,7890.0,,0.0,Neutral,0.0,Neutral
2021-09-23,8089.0,,0.0,Neutral,0.0,Neutral
2021-09-22,8200.0,,0.0,Neutral,0.0,Neutral
2021-09-21,7910.0,,0.0,Neutral,0.0,Neutral
2021-09-20,8050.0,,0.0,Neutral,0.0,Neutral
2021-09-16,8450.0,,0.0,Neutral,0.0,Neutral
2021-09-15,8750.0,,0.0,Neutral,0.0,Neutral
2021-09-14,8801.0,,0.0,Neutral,0.0,Neutral
2021-09-13,8870.0,,0.0,Neutral,0.0,Neutral
2021-09-12,8780.5,,0.0,Neutral,0.0,Neutral
2021-09-09,8666.0,,0.0,Neutral,0.0,Neutral
2021-09-08,8700.0,,0.0,Neutral,0.0,Neutral
2021-09-07,8900.0,,0.0,Neutral,0.0,Neutral
2021-09-06,9020.0,,0.0,Neutral,0.0,Neutral
2021-09-05,8700.0,,0.0,Neutral,0.0,Neutral
2021-09-02,9267.0,,0.0,Neutral,0.0,Neutral
2021-09-01,9380.0,,0.0,Neutral,0.0,Neutral
2021-08-31,9300.0,,0.0,Neutral,0.0,Neutral
2021-08-29,9540.0,,0.0,Neutral,0.0,Neutral
2021-08-26,9690.0,,0.0,Neutral,0.0,Neutral
2021-08-25,9756.0,,0.0,Neutral,0.0,Neutral
2021-08-24,9845.0,,0.0,Neutral,0.0,Neutral
2021-08-19,9980.0,,0.0,Neutral,0.0,Neutral
2021-08-18,9870.0,,0.0,Neutral,0.0,Neutral
2021-08-17,9850.0,,0.0,Neutral,0.0,Neutral
2021-08-16,9997.0,,0.0,Neutral,0.0,Neutral
2021-08-15,9852.0,,0.0,Neutral,0.0,Neutral
2021-08-12,9999.0,,0.0,Neutral,0.0,Neutral
2021-08-11,10186.0,,0.0,Neutral,0.0,Neutral
2021-08-10,10330.0,,0.0,Neutral,0.0,Neutral
2021-08-09,10521.1,,0.0,Neutral,0.0,Neutral
2021-08-08,10700.0,,0.0,Neutral,0.0,Neutral
2021-08-05,10684.0,,0.0,Neutral,0.0,Neutral
2021-08-04,10802.0,,0.0,Neutral,0.0,Neutral
2021-08-03,10980.0,,0.0,Neutral,0.0,Neutral
2021-08-02,10651.0,,0.0,Neutral,0.0,Neutral
2021-08-01,10795.0,,0.0,Neutral,0.0,Neutral
2021-07-29,10580.0,,0.0,Neutral,0.0,Neutral
2021-07-28,10565.0,,0.0,Neutral,0.0,Neutral
2021-07-27,10490.0,,0.0,Neutral,0.0,Neutral
2021-07-26,10440.0,,0.0,Neutral,0.0,Neutral
2021-07-25,10390.0,,0.0,Neutral,0.0,Neutral
2021-07-22,10550.0,,0.0,Neutral,0.0,Neutral
2021-07-20,10750.0,,0.0,Neutral,0.0,Neutral
2021-07-19,10400.0,,0.0,Neutral,0.0,Neutral
2021-07-18,9939.0,,0.0,Neutral,0.0,Neutral
2021-07-15,9849.0,,0.0,Neutral,0.0,Neutral
2021-07-14,9762.0,,0.0,Neutral,0.0,Neutral
2021-07-13,9777.0,,0.0,Neutral,0.0,Neutral
2021-07-12,9772.0,,0.0,Neutral,0.0,Neutral
2021-07-11,9920.0,,0.0,Neutral,0.0,Neutral
2021-07-08,9850.0,,0.0,Neutral,0.0,Neutral
2021-07-07,9915.0,,0.0,Neutral,0.0,Neutral
2021-07-06,9930.0,,0.0,Neutral,0.0,Neutral
2021-07-05,9999.0,,0.0,Neutral,0.0,Neutral
2021-07-04,9735.0,,0.0,Neutral,0.0,Neutral
2021-07-01,9750.0,,0.0,Neutral,0.0,Neutral
2021-06-30,9690.0,,0.0,Neutral,0.0,Neutral
2021-06-29,9765.0,,0.0,Neutral,0.0,Neutral
2021-06-28,9885.0,,0.0,Neutral,0.0,Neutral
2021-06-27,9949.0,,0.0,Neutral,0.0,Neutral
2021-06-24,9775.0,,0.0,Neutral,0.0,Neutral
2021-06-23,9830.0,,0.0,Neutral,0.13488174974918365,Slightly Positive
2021-06-22,10030.0,,0.0,Neutral,0.2697634994983673,Positive
2021-06-21,9998.0,2021-06-21,0.5395269989967346,Positive,0.5395269989967346,Positive
2021-06-20,10075.0,,0.0,Neutral,0.0,Neutral
2021-06-17,10300.0,,0.0,Neutral,0.22510313987731934,Positive
2021-06-16,10325.0,,0.0,Neutral,0.45020627975463867,Positive
2021-06-15,10580.0,2021-06-15,0.9004125595092773,Strongly Positive,0.9004125595092773,Strongly Positive
2021-06-14,10665.0,,0.0,Neutral,0.0,Neutral
2021-06-13,10701.0,,0.0,Neutral,0.0,Neutral
2021-06-10,10802.0,,0.0,Neutral,0.0,Neutral
2021-06-09,10995.0,,0.0,Neutral,0.0,Neutral
2021-06-08,10786.0,,0.0,Neutral,0.0,Neutral
2021-06-07,10702.0,,0.0,Neutral,0.0,Neutral
2021-06-06,10965.0,,0.0,Neutral,0.0,Neutral
2021-06-03,11100.0,,0.0,Neutral,0.0,Neutral
2021-06-02,11115.0,,0.0,Neutral,0.0,Neutral
2021-06-01,11040.0,,0.0,Neutral,0.0,Neutral
2021-05-31,11170.0,,0.0,Neutral,0.0,Neutral
2021-05-30,11651.0,,0.0,Neutral,0.0,Neutral
2021-05-27,11750.0,,0.0,Neutral,0.0,Neutral
2021-05-25,10884.0,,0.0,Neutral,0.0,Neutral
2021-05-24,10750.0,,0.0,Neutral,0.0,Neutral
2021-05-23,10900.0,,0.0,Neutral,0.0,Neutral
2021-05-20,10770.0,,0.0,Neutral,0.0,Neutral
2021-05-19,10770.0,,0.0,Neutral,0.0,Neutral
2021-05-18,10760.0,,0.0,Neutral,0.0,Neutral
2021-05-17,10690.0,,0.0,Neutral,0.0,Neutral
2021-05-16,10610.0,,0.0,Neutral,0.0,Neutral
2021-05-13,10595.0,,0.0,Neutral,0.0,Neutral
2021-05-12,10760.0,,0.0,Neutral,0.0,Neutral
2021-05-11,11010.0,,0.0,Neutral,0.0,Neutral
2021-05-10,10199.0,,0.0,Neutral,0.0,Neutral
2021-05-09,9985.0,,0.0,Neutral,0.0,Neutral
2021-05-06,10000.0,,0.0,Neutral,0.0,Neutral
2021-05-05,10000.0,,0.0,Neutral,0.0,Neutral
2021-05-04,10145.0,,0.0,Neutral,0.0,Neutral
2021-05-03,10021.0,,0.0,Neutral,0.0,Neutral
2021-05-02,10210.0,,0.0,Neutral,0.0,Neutral
2021-04-29,10100.0,,0.0,Neutral,0.0,Neutral
2021-04-28,9825.0,,0.0,Neutral,0.0,Neutral
2021-04-27,9905.0,,0.0,Neutral,0.0,Neutral
2021-04-26,9425.0,,0.0,Neutral,0.0,Neutral
2021-04-25,9900.0,,0.0,Neutral,0.0,Neutral
2021-04-22,10300.0,,0.0,Neutral,0.0,Neutral
2021-04-21,10290.0,,0.0,Neutral,0.0,Neutral
2021-04-20,10295.0,,0.0,Neutral,0.0,Neutral
2021-04-19,10191.0,,0.0,Neutral,0.0,Neutral
2021-04-18,10518.0,,0.0,Neutral,0.0,Neutral
2021-04-15,10898.0,,0.0,Neutral,0.0,Neutral
2021-04-13,11200.0,,0.0,Neutral,0.0,Neutral
2021-04-12,10990.0,,0.0,Neutral,0.0,Neutral
2021-04-08,11201.0,,0.0,Neutral,0.0,Neutral
2021-04-07,11298.0,,0.0,Neutral,0.21690870821475983,Positive
2021-04-06,11792.0,,0.0,Neutral,0.43381741642951965,Positive
2021-04-05,13102.0,2021-04-05,0.8676348328590393,Strongly Positive,0.8676348328590393,Strongly Positive
2021-04-04,12700.0,,0.0,Neutral,0.0,Neutral
2021-04-01,13317.0,,0.0,Neutral,0.0,Neutral
2021-03-31,12200.0,,0.0,Neutral,0.0,Neutral
2021-03-30,12500.0,,0.0,Neutral,0.0,Neutral
2021-03-29,12590.0,,0.0,Neutral,0.0,Neutral
2021-03-25,13235.0,,0.0,Neutral,0.0,Neutral
2021-03-24,12705.0,,0.0,Neutral,0.0,Neutral
2021-03-23,11550.0,,0.0,Neutral,0.0,Neutral
2021-03-22,10500.0,,0.0,Neutral,0.0,Neutral
2021-03-21,10550.0,,0.0,Neutral,0.0,Neutral
2021-03-18,10510.0,,0.0,Neutral,0.0,Neutral
2021-03-17,10630.0,,0.0,Neutral,0.0,Neutral
2021-03-16,10500.0,,0.0,Neutral,0.0,Neutral
2021-03-15,10720.0,,0.0,Neutral,0.0,Neutral
2021-03-14,10553.0,,0.0,Neutral,0.0,Neutral
2021-03-10,11199.0,,0.0,Neutral,0.0,Neutral
2021-03-09,10299.0,,0.0,Neutral,0.0,Neutral
2021-03-07,10450.0,,0.0,Neutral,0.0,Neutral
2021-03-04,11000.0,,0.0,Neutral,0.0,Neutral
2021-03-03,10222.0,,0.0,Neutral,0.0,Neutral
2021-03-02,9293.0,,0.0,Neutral,0.0,Neutral
2021-03-01,8449.0,,0.0,Neutral,0.0,Neutral
2021-02-28,8154.0,,0.0,Neutral,0.0,Neutral
2021-02-25,8188.0,,0.0,Neutral,0.0,Neutral
2021-02-24,8355.0,,0.0,Neutral,0.0,Neutral
2021-02-23,8350.0,,0.0,Neutral,0.0,Neutral
2021-02-22,8269.0,,0.0,Neutral,0.0,Neutral
2021-02-21,8550.0,,0.0,Neutral,0.0,Neutral
2021-02-18,8500.0,,0.0,Neutral,0.0,Neutral
2021-02-17,8279.0,,0.0,Neutral,0.0,Neutral
2021-02-16,8100.0,,0.0,Neutral,0.0,Neutral
2021-02-15,8215.0,,0.0,Neutral,0.0,Neutral
2021-02-14,7998.0,,0.0,Neutral,0.0,Neutral
2021-02-11,8070.0,,0.0,Neutral,0.0,Neutral
2021-02-10,8193.0,,0.0,Neutral,0.0,Neutral
2021-02-09,8489.0,,0.0,Neutral,0.2320653796195984,Positive
2021-02-08,8650.0,,0.0,Neutral,0.4641307592391968,Positive
2021-02-07,8712.0,2021-02-07,0.9282615184783936,Strongly Positive,0.9282615184783936,Strongly Positive
2021-02-04,8499.0,,0.0,Neutral,0.0,Neutral
2021-02-03,8100.0,,0.0,Neutral,0.0,Neutral
2021-02-02,8300.0,,0.0,Neutral,0.0,Neutral
2021-02-01,8200.0,,0.0,Neutral,0.0,Neutral
2021-01-31,8050.0,,0.0,Neutral,0.2293237894773483,Positive
2021-01-28,8100.0,,0.0,Neutral,0.4586475789546966,Positive
2021-01-27,8100.0,2021-01-27,0.9172951579093932,Strongly Positive,0.9172951579093932,Strongly Positive
2021-01-26,7995.0,,0.0,Neutral,0.0,Neutral
2021-01-25,8250.0,,0.0,Neutral,0.0,Neutral
2021-01-24,8000.0,,0.0,Neutral,0.0,Neutral
2021-01-21,8199.0,,0.0,Neutral,0.0,Neutral
2021-01-20,8180.0,,0.0,Neutral,0.0,Neutral
2021-01-19,8174.0,,0.0,Neutral,0.0,Neutral
2021-01-18,8100.0,,0.0,Neutral,0.0,Neutral
2021-01-17,7623.0,,0.0,Neutral,0.0,Neutral
2021-01-13,6930.0,,0.0,Neutral,0.0,Neutral
2021-01-12,6900.0,,0.0,Neutral,0.0,Neutral
2021-01-11,6950.0,,0.0,Neutral,0.0,Neutral
2021-01-10,6988.0,,0.0,Neutral,0.0,Neutral
2021-01-07,6740.0,,0.0,Neutral,0.0,Neutral
2021-01-06,6400.0,,0.0,Neutral,0.0,Neutral
2021-01-05,6470.0,,0.0,Neutral,0.0,Neutral
2021-01-04,6895.0,,0.0,Neutral,0.0,Neutral
2021-01-03,6909.0,,0.0,Neutral,0.0,Neutral
2020-12-31,6281.0,,0.0,Neutral,0.0,Neutral
2020-12-30,5710.0,,0.0,Neutral,0.0,Neutral
2020-12-29,5191.0,,0.0,Neutral,0.0,Neutral
2020-12-28,5190.0,,0.0,Neutral,0.0,Neutral
2020-12-27,5350.0,,0.0,Neutral,0.0,Neutral
2020-12-24,5304.0,,0.0,Neutral,0.0,Neutral
2020-12-23,5250.0,,0.0,Neutral,0.0,Neutral
2020-12-22,5270.0,,0.0,Neutral,0.0,Neutral
2020-12-21,5060.0,,0.0,Neutral,0.0,Neutral
2020-12-20,5200.0,,0.0,Neutral,0.07442261278629303,Slightly Positive
2020-12-17,5423.0,,0.0,Neutral,0.14884522557258606,Slightly Positive
2020-12-16,5575.0,2020-12-16,0.2976904511451721,Positive,0.2976904511451721,Positive
2020-12-15,5500.0,,0.0,Neutral,0.0,Neutral
2020-12-14,5640.0,,0.0,Neutral,0.0,Neutral
2020-12-13,5150.0,,0.0,Neutral,0.0,Neutral
2020-12-10,5240.0,,0.0,Neutral,0.0,Neutral
2020-12-09,5135.0,,0.0,Neutral,0.0,Neutral
2020-12-08,5400.0,,0.0,Neutral,0.0,Neutral
2020-12-07,5615.0,,0.0,Neutral,0.0,Neutral
2020-12-06,5292.0,,0.0,Neutral,0.0,Neutral
2020-12-03,5700.0,,0.0,Neutral,0.0,Neutral
2020-12-02,6125.0,,0.0,Neutral,0.0,Neutral
2020-12-01,6255.0,,0.0,Neutral,0.2289262413978577,Positive
2020-11-30,6550.0,,0.0,Neutral,0.6782716065645218,Strongly Positive
2020-11-29,7500.0,2020-11-29,0.9157049655914308,Strongly Positive,1.3565432131290436,Strongly Positive
2020-11-26,7506.0,2020-11-26,0.8816764950752258,Strongly Positive,0.8816764950752258,Strongly Positive
2020-11-25,8000.0,,0.0,Neutral,0.2299699783325195,Positive
2020-11-24,7450.0,,0.0,Neutral,0.459939956665039,Positive
2020-11-23,6900.0,2020-11-23,0.919879913330078,Strongly Positive,0.919879913330078,Strongly Positive
2020-11-22,6801.0,,0.0,Neutral,0.0,Neutral
2020-11-19,7242.0,,0.0,Neutral,0.0,Neutral
2020-11-18,6587.0,,0.0,Neutral,0.0,Neutral
2020-11-12,5989.0,,0.0,Neutral,0.0,Neutral
2020-11-11,5445.0,,0.0,Neutral,0.0,Neutral
2020-11-10,4950.0,,0.0,Neutral,0.0,Neutral
2020-11-09,4500.0,,0.0,Neutral,0.0,Neutral
2020-11-08,4275.0,,0.0,Neutral,0.0,Neutral
2020-11-05,3888.0,,0.0,Neutral,0.0,Neutral
2020-11-04,3890.0,,0.0,Neutral,0.0,Neutral
2020-11-03,3869.0,,0.0,Neutral,0.0,Neutral
2020-11-02,3725.0,,0.0,Neutral,0.0,Neutral
2020-11-01,3656.0,,0.0,Neutral,0.0,Neutral
2020-10-29,3620.0,,0.0,Neutral,0.0,Neutral
2020-10-28,3580.0,,0.0,Neutral,0.0,Neutral
2020-10-22,3624.0,,0.0,Neutral,0.0,Neutral
2020-10-21,3596.0,,0.0,Neutral,0.0,Neutral
2020-10-20,3500.0,,0.0,Neutral,0.0,Neutral
2020-10-19,3500.0,,0.0,Neutral,0.0,Neutral
2020-10-18,3500.0,,0.0,Neutral,0.0,Neutral
2020-10-15,3450.0,,0.0,Neutral,0.0,Neutral
2020-10-14,3436.0,,0.0,Neutral,0.0,Neutral
2020-10-13,3445.0,,0.0,Neutral,0.0,Neutral
2020-10-12,3440.0,,0.0,Neutral,0.0,Neutral
2020-10-11,3435.0,,0.0,Neutral,0.0,Neutral
2020-10-07,3500.0,,0.0,Neutral,0.0,Neutral
2020-10-06,3495.0,,0.0,Neutral,0.0,Neutral
2020-10-05,3475.0,,0.0,Neutral,0.0,Neutral
2020-10-04,3512.0,,0.0,Neutral,0.0,Neutral
2020-10-01,3480.0,,0.0,Neutral,0.0,Neutral
2020-09-30,3406.0,,0.0,Neutral,0.0,Neutral
2020-09-29,3448.0,,0.0,Neutral,0.0,Neutral
2020-09-28,3545.0,,0.0,Neutral,0.0,Neutral
2020-09-27,3600.0,,0.0,Neutral,0.0,Neutral
2020-09-24,3600.0,,0.0,Neutral,0.0,Neutral
2020-09-23,3330.0,,0.0,Neutral,0.0,Neutral
2020-09-22,3300.0,,0.0,Neutral,0.0,Neutral
2020-09-21,3259.0,,0.0,Neutral,0.0,Neutral
2020-09-17,3300.0,,0.0,Neutral,0.0,Neutral
2020-09-16,3295.0,,0.0,Neutral,0.0,Neutral
2020-09-15,3225.0,,0.0,Neutral,0.0,Neutral
2020-09-14,3271.0,,0.0,Neutral,0.0,Neutral
2020-09-13,3275.0,,0.0,Neutral,0.0,Neutral
2020-09-10,3370.0,,0.0,Neutral,0.0,Neutral
2020-09-09,3495.0,,0.0,Neutral,0.0,Neutral
2020-09-08,3390.0,,0.0,Neutral,0.0,Neutral
2020-09-07,3082.0,,0.0,Neutral,0.0,Neutral
2020-09-06,2995.0,,0.0,Neutral,0.0,Neutral
2020-09-03,2900.0,,0.0,Neutral,0.0,Neutral
2020-09-02,2940.0,,0.0,Neutral,0.0,Neutral
2020-08-31,2880.0,,0.0,Neutral,0.0,Neutral
2020-08-30,2810.0,,0.0,Neutral,0.0,Neutral
2020-08-27,2755.0,,0.0,Neutral,0.0,Neutral
2020-08-26,2789.0,,0.0,Neutral,0.0,Neutral
2020-08-25,2800.0,,0.0,Neutral,0.0,Neutral
2020-08-24,2802.0,,0.0,Neutral,0.0,Neutral
2020-08-23,2750.0,,0.0,Neutral,0.0,Neutral
2020-08-20,2760.0,,0.0,Neutral,0.0,Neutral
2020-08-19,2711.0,,0.0,Neutral,0.0,Neutral
2020-08-18,2770.0,,0.0,Neutral,0.0,Neutral
2020-08-17,2730.0,,0.0,Neutral,0.0,Neutral
2020-08-16,2703.0,,0.0,Neutral,0.0,Neutral
2020-08-13,2658.0,,0.0,Neutral,0.0,Neutral
2020-08-12,2656.0,,0.0,Neutral,0.0,Neutral
2020-08-11,2675.0,,0.0,Neutral,0.0,Neutral
2020-08-10,2740.0,,0.0,Neutral,0.0,Neutral
2020-08-09,2700.0,,0.0,Neutral,0.0,Neutral
2020-08-06,2655.0,,0.0,Neutral,0.0,Neutral
2020-08-05,2690.0,,0.0,Neutral,0.0,Neutral
2020-08-03,2701.0,,0.0,Neutral,0.0,Neutral
2020-08-02,2671.0,,0.0,Neutral,0.0,Neutral
2020-07-30,2725.0,,0.0,Neutral,0.0,Neutral
2020-07-29,2711.0,,0.0,Neutral,0.0,Neutral
2020-07-28,2744.0,,0.0,Neutral,0.0,Neutral
2020-07-27,2800.0,,0.0,Neutral,0.0,Neutral
2020-07-26,2830.0,,0.0,Neutral,0.0,Neutral
2020-07-23,2800.0,,0.0,Neutral,0.0,Neutral
2020-07-22,2760.0,,0.0,Neutral,0.0,Neutral
2020-07-21,2800.0,,0.0,Neutral,0.0,Neutral
2020-07-20,2707.0,,0.0,Neutral,0.0,Neutral
2020-07-16,2860.0,,0.0,Neutral,0.0,Neutral
2020-07-15,2815.0,,0.0,Neutral,0.0,Neutral
2020-07-14,2760.0,,0.0,Neutral,0.0,Neutral
2020-07-13,2796.0,,0.0,Neutral,0.0,Neutral
2020-07-12,2744.0,,0.0,Neutral,0.0,Neutral
2020-07-09,2740.0,,0.0,Neutral,0.0,Neutral
2020-07-08,2800.0,,0.0,Neutral,0.0,Neutral
2020-07-07,2750.0,,0.0,Neutral,0.0,Neutral
2020-07-06,2640.0,,0.0,Neutral,0.0,Neutral
2020-07-05,2565.0,,0.0,Neutral,0.0,Neutral
2020-07-01,2850.0,,0.0,Neutral,0.0,Neutral
2020-06-30,2743.0,,0.0,Neutral,0.0,Neutral
2020-06-29,2494.0,,0.0,Neutral,0.0,Neutral
2020-05-13,2352.0,,0.0,Neutral,0.0,Neutral
2020-03-22,2400.0,,0.0,Neutral,0.0,Neutral
2020-03-19,2440.0,,0.0,Neutral,0.0,Neutral
2020-03-18,2425.0,,0.0,Neutral,0.0,Neutral
2020-03-17,2300.0,,0.0,Neutral,0.0,Neutral
2020-03-16,2498.0,,0.0,Neutral,0.0,Neutral
2020-03-15,2487.0,,0.0,Neutral,0.0,Neutral
2020-03-12,2610.0,,0.0,Neutral,0.0,Neutral
2020-03-11,2651.0,,0.0,Neutral,0.0,Neutral
2020-03-10,2410.0,,0.0,Neutral,0.0,Neutral
2020-03-05,2665.0,,0.0,Neutral,0.0,Neutral
2020-03-04,2743.0,,0.0,Neutral,0.0,Neutral
2020-03-03,2720.0,,0.0,Neutral,0.0,Neutral
2020-03-02,2794.0,,0.0,Neutral,0.0,Neutral
2020-03-01,2851.0,,0.0,Neutral,0.0,Neutral
2020-02-27,2950.0,,0.0,Neutral,0.0,Neutral
2020-02-26,3105.0,,0.0,Neutral,0.0749826654791832,Slightly Positive
2020-02-25,3119.0,,0.0,Neutral,0.1499653309583664,Slightly Positive
2020-02-24,2963.0,2020-02-24,0.2999306619167328,Positive,0.2999306619167328,Positive
2020-02-23,3007.0,,0.0,Neutral,0.0,Neutral
2020-02-20,2747.0,,0.0,Neutral,0.0,Neutral
2020-02-19,2800.0,,0.0,Neutral,0.0,Neutral
2020-02-18,2783.0,,0.0,Neutral,0.0,Neutral
2020-02-17,2760.0,,0.0,Neutral,0.0,Neutral
2020-02-16,2601.0,,0.0,Neutral,0.0,Neutral
2020-02-13,2549.0,,0.0,Neutral,0.0,Neutral
2020-02-12,2486.0,,0.0,Neutral,0.0,Neutral
2020-02-11,2428.0,,0.0,Neutral,0.0,Neutral
2020-02-10,2479.0,,0.0,Neutral,0.0,Neutral
2020-02-09,2458.0,,0.0,Neutral,0.0,Neutral
2020-02-06,2472.0,,0.0,Neutral,0.0,Neutral
2020-02-05,2465.0,,0.0,Neutral,0.0,Neutral
2020-02-04,2361.0,,0.0,Neutral,0.0,Neutral
2020-02-03,2396.0,,0.0,Neutral,0.0,Neutral
2020-02-02,2405.0,,0.0,Neutral,0.0,Neutral
2020-01-30,2400.0,,0.0,Neutral,0.0,Neutral
2020-01-29,2458.0,,0.0,Neutral,0.0,Neutral
2020-01-28,2410.0,,0.0,Neutral,0.0,Neutral
2020-01-27,2489.0,,0.0,Neutral,0.0,Neutral
2020-01-26,2357.0,,0.0,Neutral,0.0,Neutral
2020-01-23,2397.0,,0.0,Neutral,0.0,Neutral
2020-01-22,2429.0,,0.0,Neutral,0.0,Neutral
2020-01-21,2459.0,,0.0,Neutral,0.0,Neutral
2020-01-20,2450.0,,0.0,Neutral,0.0,Neutral
2020-01-19,2596.0,,0.0,Neutral,0.0,Neutral
2020-01-16,2600.0,,0.0,Neutral,0.0,Neutral
2020-01-15,2500.0,,0.0,Neutral,0.0,Neutral
2020-01-14,2321.0,,0.0,Neutral,0.22463025152683258,Positive
2020-01-13,2110.0,,0.0,Neutral,0.44926050305366516,Positive
2020-01-12,2003.0,2020-01-12,0.8985210061073303,Strongly Positive,0.8985210061073303,Strongly Positive
2020-01-09,1969.0,,0.0,Neutral,0.0,Neutral
2020-01-08,1942.0,,0.0,Neutral,0.0,Neutral
2020-01-07,1980.0,,0.0,Neutral,0.0,Neutral
2020-01-06,1964.0,,0.0,Neutral,0.0,Neutral
2020-01-05,2005.0,,0.0,Neutral,0.0,Neutral
2020-01-02,1980.0,,0.0,Neutral,0.0,Neutral
2020-01-01,1970.0,,0.0,Neutral,0.0,Neutral
2019-12-31,1999.0,,0.0,Neutral,0.0,Neutral
2019-12-30,1989.0,,0.0,Neutral,0.0,Neutral
2019-12-29,1929.0,,0.0,Neutral,0.0,Neutral
2019-12-26,1754.0,,0.0,Neutral,0.0,Neutral
2019-12-25,1619.0,,0.0,Neutral,0.0,Neutral
2019-12-24,1616.0,,0.0,Neutral,0.0,Neutral
2019-12-23,1610.0,,0.0,Neutral,0.0,Neutral
2019-12-22,1591.0,,0.0,Neutral,0.0,Neutral
2019-12-19,1622.0,,0.0,Neutral,0.0,Neutral
2019-12-18,1628.0,,0.0,Neutral,0.0,Neutral
2019-12-17,1596.0,,0.0,Neutral,0.0,Neutral
2019-12-16,1536.0,,0.0,Neutral,0.0,Neutral
2019-12-15,1550.0,,0.0,Neutral,0.0,Neutral
2019-12-12,1490.0,,0.0,Neutral,0.0,Neutral
2019-12-11,1562.0,,0.0,Neutral,0.0,Neutral
2019-12-10,1450.0,,0.0,Neutral,0.0,Neutral
2019-12-09,1360.0,,0.0,Neutral,0.0,Neutral
2019-12-08,1297.0,,0.0,Neutral,0.0,Neutral
2019-12-05,1263.0,,0.0,Neutral,0.0,Neutral
2019-12-04,1201.0,,0.0,Neutral,0.0,Neutral
2019-12-03,1188.0,,0.0,Neutral,0.0,Neutral
2019-12-02,1256.0,,0.0,Neutral,0.0,Neutral
2019-12-01,1203.0,,0.0,Neutral,0.0,Neutral
2019-11-28,1252.0,,0.0,Neutral,0.0,Neutral
2019-11-27,1331.0,,0.0,Neutral,0.0,Neutral
2019-11-26,1430.0,,0.0,Neutral,0.0,Neutral
2019-11-25,1349.0,,0.0,Neutral,0.0,Neutral
2019-11-24,1365.0,,0.0,Neutral,0.0,Neutral
2019-11-21,1516.0,,0.0,Neutral,0.0,Neutral
2019-11-20,1379.0,,0.0,Neutral,0.0,Neutral
2019-11-19,1254.0,,0.0,Neutral,0.0,Neutral
2019-11-18,1140.0,,0.0,Neutral,0.0,Neutral
2019-11-17,1037.0,,0.0,Neutral,0.0,Neutral
2019-11-14,943.0,,0.0,Neutral,0.0,Neutral
2019-11-13,858.0,,0.0,Neutral,0.0,Neutral
2019-11-07,795.0,,0.0,Neutral,0.0,Neutral
2019-11-06,723.0,,0.0,Neutral,0.0,Neutral
2019-11-05,658.0,,0.0,Neutral,0.0,Neutral
2019-09-23,658.0,,0.0,Neutral,0.0,Neutral
2019-09-16,627.0,,0.0,Neutral,0.0,Neutral
2019-08-26,603.0,,0.0,Neutral,0.0,Neutral
2019-08-11,575.0,,0.0,Neutral,0.0,Neutral
2019-08-07,527.0,,0.0,Neutral,0.0,Neutral
2019-07-31,493.0,,0.0,Neutral,0.0,Neutral
2019-07-15,484.0,,0.0,Neutral,0.0,Neutral
2019-07-08,484.0,,0.0,Neutral,0.0,Neutral
2019-06-12,484.0,,0.0,Neutral,0.0,Neutral
2019-05-06,440.0,,0.0,Neutral,0.0,Neutral
2019-01-30,501.0,,0.0,Neutral,0.0,Neutral
2019-01-14,478.0,,0.0,Neutral,0.0,Neutral
2019-01-08,456.0,,0.0,Neutral,0.0,Neutral
2019-01-02,435.0,,0.0,Neutral,0.0,Neutral
2018-11-15,415.0,,0.0,Neutral,0.0,Neutral
2018-09-30,378.0,,0.0,Neutral,0.0,Neutral
2018-09-23,364.0,,0.0,Neutral,0.0,Neutral
2018-09-17,334.0,,0.0,Neutral,0.0,Neutral
2018-09-06,319.0,,0.0,Neutral,0.0,Neutral
2018-08-21,304.0,,0.0,Neutral,0.0,Neutral
2018-08-12,290.0,,0.0,Neutral,0.0,Neutral
2018-08-09,280.0,,0.0,Neutral,0.0,Neutral
2018-08-06,270.0,,0.0,Neutral,0.0,Neutral
2018-07-16,260.0,,0.0,Neutral,0.0,Neutral
2018-06-20,255.0,,0.0,Neutral,0.233444020152092,Positive
2018-05-27,250.0,,0.0,Neutral,0.466888040304184,Positive
2018-02-12,308.0,2018-02-12,0.933776080608368,Strongly Positive,0.933776080608368,Strongly Positive
2018-02-04,280.0,,0.0,Neutral,0.0,Neutral
2017-12-13,270.0,,0.0,Neutral,0.0,Neutral
2017-11-26,265.0,,0.0,Neutral,0.0,Neutral
2017-11-15,0.0,,0.0,Neutral,0.0,Neutral
2017-11-06,255.0,,0.0,Neutral,0.0,Neutral
2017-07-25,246.0,,0.0,Neutral,0.0,Neutral
2017-05-11,286.0,,0.0,Neutral,0.0,Neutral
2017-04-25,276.0,,0.0,Neutral,0.0,Neutral
2017-04-03,261.0,,0.0,Neutral,0.0,Neutral
2017-03-29,251.0,,0.0,Neutral,0.0,Neutral
2017-01-19,239.0,,0.0,Neutral,0.0,Neutral
2016-12-21,231.0,,0.0,Neutral,0.0,Neutral
2016-11-21,223.0,,0.0,Neutral,0.0,Neutral
2016-06-28,215.0,,0.0,Neutral,0.0,Neutral
2015-09-29,236.0,,0.0,Neutral,0.0,Neutral
2015-09-03,228.0,,0.0,Neutral,0.0,Neutral
2015-07-22,224.0,,0.0,Neutral,0.0,Neutral
2015-05-25,220.0,,0.0,Neutral,0.0,Neutral
2015-04-23,210.0,,0.0,Neutral,0.0,Neutral
2015-03-04,235.0,,0.0,Neutral,0.0,Neutral
2015-03-02,224.0,,0.0,Neutral,0.0,Neutral
2014-11-23,212.0,,0.0,Neutral,0.0,Neutral
2014-11-20,208.0,,0.0,Neutral,0.0,Neutral
2014-07-13,204.0,,0.0,Neutral,0.0,Neutral
2014-03-20,217.0,,0.0,Neutral,0.0,Neutral
2014-02-25,217.0,,0.0,Neutral,0.0,Neutral
2013-09-05,213.0,,0.0,Neutral,0.0,Neutral
2013-06-23,209.0,,0.0,Neutral,0.0,Neutral
2012-10-17,226.0,,0.0,Neutral,0.1842382252216339,Slightly Positive
2012-10-15,218.0,,0.0,Neutral,0.3684764504432678,Positive
2012-09-13,202.0,2012-09-13,0.7369529008865356,Strongly Positive,0.7369529008865356,Strongly Positive
2012-02-13,261.0,,0.0,Neutral,0.0,Neutral
2012-02-01,256.0,,0.0,Neutral,0.0,Neutral
