S.N.,Date,Open,High,Low,Close,% Change,Qty,Turnover
1,2011-04-10,802.0,845.0,786.0,845.0,0.0,1464.0,1176004.0
2,2011-04-11,845.0,861.0,861.0,861.0,0.0,10.0,8610.0
3,2011-04-13,861.0,904.0,904.0,904.0,0.0,30.0,27120.0
4,2011-05-31,904.0,886.0,886.0,886.0,0.0,56.0,49616.0
5,2011-06-01,886.0,922.0,869.0,904.0,0.0,216.0,194419.0
6,2011-06-06,904.0,921.0,886.0,921.0,0.0,76.0,68728.0
7,2011-06-29,921.0,957.0,903.0,957.0,0.0,133.0,121215.0
8,2011-09-08,957.0,940.0,940.0,940.0,0.0,240.0,225600.0
9,2011-12-06,940.0,922.0,922.0,922.0,0.0,40.0,36880.0
10,2012-01-01,922.0,904.0,904.0,904.0,0.0,48.0,43392.0
11,2012-05-22,904.0,900.0,882.0,882.0,0.0,36.0,32112.0
12,2012-07-11,882.0,926.0,926.0,926.0,0.0,60.0,55560.0
13,2012-07-12,926.0,908.0,838.0,864.0,0.0,33588.0,29671788.0
14,2012-07-15,864.0,847.0,831.0,831.0,0.0,40.0,33560.0
15,2012-07-25,831.0,815.0,754.0,779.0,0.0,2524.0,1966980.0
16,2012-07-26,779.0,765.0,750.0,750.0,0.0,76.0,57720.0
17,2012-07-30,750.0,765.0,765.0,765.0,0.0,52.0,39780.0
18,2012-07-31,765.0,750.0,694.0,719.0,0.0,1148.0,813192.0
19,2012-08-01,719.0,765.0,694.0,765.0,0.0,3600.0,2735500.0
20,2012-09-04,765.0,780.0,750.0,780.0,0.0,112.0,84720.0
21,2012-09-05,780.0,765.0,765.0,765.0,0.0,192.0,146880.0
22,2012-09-11,765.0,750.0,750.0,750.0,0.0,10.0,7500.0
23,2012-09-12,750.0,735.0,729.0,729.0,0.0,128.0,93504.0
24,2012-09-17,729.0,725.0,725.0,725.0,0.0,88.0,63800.0
25,2012-10-01,725.0,711.0,711.0,711.0,0.0,20.0,14220.0
26,2012-10-08,711.0,697.0,684.0,684.0,0.0,36.0,24884.0
27,2012-10-09,684.0,674.0,674.0,674.0,0.0,64.0,43136.0
28,2012-11-07,674.0,674.0,650.0,663.0,0.0,190.0,125822.0
29,2012-11-08,663.0,678.0,665.0,665.0,0.0,52.0,34800.0
30,2012-11-11,665.0,704.0,678.0,704.0,0.0,64.0,44224.0
31,2012-11-12,704.0,745.0,717.0,745.0,0.0,60.0,43860.0
32,2012-11-29,745.0,731.0,731.0,731.0,0.0,16.0,11696.0
33,2012-12-12,731.0,728.0,700.0,700.0,0.0,248.0,178976.0
34,2012-12-13,700.0,734.0,673.0,734.0,0.0,272.0,187920.0
35,2012-12-16,734.0,769.0,740.0,769.0,0.0,84.0,62904.0
36,2012-12-17,769.0,784.0,784.0,784.0,0.0,20.0,15680.0
37,2012-12-18,784.0,771.0,770.0,771.0,0.0,188.0,144852.0
38,2012-12-19,771.0,786.0,771.0,786.0,0.0,370.0,286020.0
39,2012-12-20,786.0,785.0,771.0,785.0,0.0,44.0,34204.0
40,2012-12-24,785.0,785.0,770.0,784.0,0.0,698.0,539946.0
41,2012-12-26,784.0,799.0,799.0,799.0,0.0,20.0,15980.0
42,2012-12-31,799.0,810.0,810.0,810.0,0.0,24.0,19440.0
43,2013-01-01,810.0,794.0,764.0,764.0,0.0,456.0,352344.0
44,2013-01-02,764.0,750.0,749.0,750.0,0.0,260.0,194900.0
45,2013-01-03,750.0,780.0,765.0,780.0,0.0,232.0,179040.0
46,2013-01-06,780.0,785.0,770.0,785.0,0.0,392.0,306680.0
47,2013-01-07,785.0,777.0,765.0,775.0,0.0,724.0,555708.0
48,2013-01-09,775.0,770.0,770.0,770.0,0.0,56.0,43120.0
49,2013-01-10,770.0,790.0,775.0,775.0,0.0,320.0,249468.0
50,2013-01-15,775.0,776.0,760.0,770.0,0.0,552.0,425328.0
51,2013-01-16,770.0,776.0,775.0,776.0,0.0,40.0,31020.0
52,2013-01-17,776.0,775.0,775.0,775.0,0.0,24.0,18600.0
53,2013-01-21,775.0,775.0,760.0,775.0,0.0,152.0,115880.0
54,2013-01-22,775.0,775.0,775.0,775.0,0.0,160.0,124000.0
55,2013-01-23,775.0,780.0,775.0,775.0,0.0,672.0,521280.0
56,2013-01-24,775.0,780.0,765.0,780.0,0.0,108.0,82920.0
57,2013-01-27,780.0,766.0,766.0,766.0,0.0,80.0,61280.0
58,2013-01-28,766.0,781.0,775.0,781.0,0.0,100.0,77812.0
59,2013-01-30,781.0,780.0,780.0,780.0,0.0,176.0,137280.0
60,2013-02-03,780.0,788.0,780.0,780.0,0.0,624.0,487104.0
61,2013-02-04,780.0,780.0,780.0,780.0,0.0,16.0,12480.0
62,2013-02-05,780.0,790.0,789.0,789.0,0.0,120.0,94700.0
63,2013-02-12,789.0,815.0,803.0,815.0,0.0,148.0,119220.0
64,2013-02-13,815.0,800.0,799.0,800.0,0.0,100.0,79980.0
65,2013-02-14,800.0,810.0,800.0,810.0,0.0,64.0,51600.0
66,2013-02-19,810.0,826.0,826.0,826.0,0.0,20.0,16520.0
67,2013-02-20,826.0,839.0,823.0,823.0,0.0,56.0,46408.0
68,2013-02-21,823.0,807.0,801.0,801.0,0.0,104.0,83832.0
69,2013-02-24,801.0,786.0,786.0,786.0,0.0,40.0,31440.0
70,2013-02-28,786.0,801.0,800.0,801.0,0.0,48.0,38424.0
71,2013-03-03,801.0,833.0,817.0,817.0,0.0,76.0,62348.0
72,2013-03-04,817.0,817.0,805.0,810.0,0.0,320.0,259144.0
73,2013-03-05,810.0,827.0,810.0,827.0,0.0,168.0,137800.0
74,2013-03-13,827.0,835.0,835.0,835.0,0.0,20.0,16700.0
75,2013-03-14,835.0,835.0,835.0,835.0,0.0,12.0,10020.0
76,2013-03-17,835.0,835.0,835.0,835.0,0.0,40.0,33400.0
77,2013-03-21,835.0,819.0,803.0,803.0,0.0,100.0,81068.0
78,2013-03-25,803.0,790.0,790.0,790.0,0.0,80.0,63200.0
79,2013-03-28,790.0,804.0,804.0,804.0,0.0,88.0,70752.0
80,2013-04-01,804.0,804.0,788.0,788.0,0.0,36.0,28560.0
81,2013-04-02,788.0,790.0,790.0,790.0,0.0,68.0,53720.0
82,2013-04-09,790.0,775.0,775.0,775.0,0.0,16.0,12400.0
83,2013-04-11,775.0,769.0,769.0,769.0,0.0,32.0,24608.0
84,2013-04-18,769.0,814.0,784.0,814.0,0.0,268.0,211912.0
85,2013-04-21,814.0,798.0,798.0,798.0,0.0,16.0,12768.0
86,2013-04-23,798.0,800.0,800.0,800.0,0.0,16.0,12800.0
87,2013-04-25,800.0,816.0,816.0,816.0,0.0,16.0,13056.0
88,2013-04-30,816.0,800.0,785.0,785.0,0.0,440.0,345640.0
89,2013-05-07,785.0,785.0,785.0,785.0,0.0,32.0,25120.0
90,2013-05-09,785.0,800.0,765.0,800.0,0.0,152.0,118660.0
91,2013-05-14,800.0,831.0,815.0,830.0,0.0,152.0,125720.0
92,2013-05-15,830.0,814.0,800.0,800.0,0.0,184.0,148388.0
93,2013-05-16,800.0,816.0,805.0,805.0,0.0,124.0,100748.0
94,2013-05-19,805.0,827.0,796.0,811.0,0.0,104.0,84356.0
95,2013-05-20,811.0,815.0,815.0,815.0,0.0,48.0,39120.0
96,2013-05-21,815.0,830.0,814.0,814.0,0.0,248.0,202368.0
97,2013-05-22,814.0,818.0,790.0,793.0,0.0,1676.0,1331444.0
98,2013-05-23,793.0,808.0,808.0,808.0,0.0,16.0,12928.0
99,2013-05-26,808.0,808.0,800.0,800.0,0.0,208.0,166528.0
100,2013-05-27,800.0,818.0,805.0,818.0,0.0,148.0,120520.0
101,2013-05-28,818.0,834.0,826.0,826.0,0.0,96.0,79424.0
102,2013-06-02,826.0,826.0,786.0,801.0,0.0,782.0,622440.0
103,2013-06-03,801.0,817.0,817.0,817.0,0.0,16.0,13072.0
104,2013-06-04,817.0,833.0,833.0,833.0,0.0,16.0,13328.0
105,2013-06-05,833.0,818.0,801.0,818.0,0.0,116.0,93600.0
106,2013-06-06,818.0,820.0,802.0,820.0,0.0,308.0,247728.0
107,2013-06-09,820.0,804.0,792.0,792.0,0.0,396.0,314832.0
108,2013-06-10,792.0,819.0,803.0,819.0,0.0,144.0,116192.0
109,2013-06-11,819.0,826.0,804.0,804.0,0.0,48.0,38928.0
110,2013-06-13,804.0,808.0,808.0,808.0,0.0,72.0,58176.0
111,2013-06-16,808.0,792.0,762.0,788.0,0.0,144.0,112272.0
112,2013-06-17,788.0,803.0,803.0,803.0,0.0,12.0,9636.0
113,2013-06-18,803.0,803.0,803.0,803.0,0.0,16.0,12848.0
114,2013-06-20,803.0,802.0,787.0,802.0,0.0,140.0,110360.0
115,2013-06-24,802.0,802.0,802.0,802.0,0.0,32.0,25664.0
116,2013-06-25,802.0,818.0,802.0,802.0,0.0,100.0,80392.0
117,2013-06-30,802.0,850.0,818.0,850.0,0.0,68.0,56648.0
118,2013-07-01,850.0,884.0,867.0,884.0,0.0,28.0,24480.0
119,2013-07-04,884.0,901.0,805.0,815.0,0.0,5616.0,4710968.0
120,2013-07-07,815.0,810.0,799.0,810.0,0.0,352.0,284704.0
121,2013-07-08,810.0,826.0,825.0,825.0,0.0,11500.0,9497500.0
122,2013-07-09,825.0,841.0,822.0,839.0,0.0,1076.0,891696.0
123,2013-07-10,839.0,886.0,847.0,869.0,0.0,260.0,225716.0
124,2013-07-11,869.0,853.0,853.0,853.0,0.0,120.0,102360.0
125,2013-07-14,853.0,885.0,870.0,874.0,0.0,18048.0,15815760.0
126,2013-07-15,874.0,875.0,870.0,870.0,0.0,308.0,268400.0
127,2013-07-16,870.0,853.0,853.0,853.0,0.0,100.0,85300.0
128,2013-07-17,853.0,868.0,830.0,830.0,0.0,12200.0,10288384.0
129,2013-07-18,830.0,861.0,845.0,861.0,0.0,844.0,714704.0
130,2013-07-21,861.0,878.0,870.0,870.0,0.0,76.0,66280.0
131,2013-07-22,870.0,887.0,887.0,887.0,0.0,20.0,17740.0
132,2013-07-29,887.0,904.0,890.0,890.0,0.0,120.0,107080.0
133,2013-07-30,890.0,900.0,900.0,900.0,0.0,128.0,115200.0
134,2013-07-31,900.0,902.0,885.0,902.0,0.0,232.0,206480.0
135,2013-08-01,902.0,890.0,890.0,890.0,0.0,48.0,42720.0
136,2013-08-04,885.0,899.0,890.0,890.0,0.0,96.0,85872.0
137,2013-08-06,890.0,875.0,873.0,873.0,0.0,196.0,171308.0
138,2013-08-07,873.0,890.0,880.0,890.0,0.0,168.0,148800.0
139,2013-08-11,890.0,875.0,875.0,875.0,0.0,100.0,87500.0
140,2013-08-12,875.0,875.0,875.0,875.0,0.0,160.0,140000.0
141,2013-08-13,875.0,875.0,875.0,875.0,0.0,96.0,84000.0
142,2013-08-15,875.0,875.0,855.0,855.0,0.0,156.0,135916.0
143,2013-08-25,855.0,860.0,850.0,850.0,0.0,84.0,71560.0
144,2013-08-27,850.0,884.0,867.0,884.0,0.0,152.0,132056.0
145,2013-08-29,884.0,885.0,885.0,885.0,0.0,64.0,56640.0
146,2013-09-01,885.0,868.0,868.0,868.0,0.0,36.0,31248.0
147,2013-09-03,868.0,851.0,834.0,834.0,0.0,24.0,20220.0
148,2013-09-04,834.0,850.0,818.0,818.0,0.0,36.0,30024.0
149,2013-09-10,818.0,836.0,834.0,836.0,0.0,148.0,123632.0
150,2013-09-11,836.0,836.0,836.0,836.0,0.0,100.0,83600.0
151,2013-09-15,836.0,886.0,852.0,886.0,0.0,284.0,247408.0
152,2013-09-16,886.0,903.0,890.0,900.0,0.0,1700.0,1530864.0
153,2013-09-17,900.0,960.0,880.0,954.0,0.0,1132.0,1024816.0
154,2014-01-14,954.0,935.0,935.0,935.0,0.0,12.0,11220.0
155,2014-03-05,935.0,917.0,899.0,899.0,0.0,30.0,27294.0
156,2014-03-13,899.0,882.0,865.0,865.0,0.0,177.0,153795.0
157,2014-03-17,865.0,848.0,832.0,832.0,0.0,462.0,389568.0
158,2014-03-19,832.0,816.0,816.0,816.0,0.0,30.0,24480.0
159,2014-03-20,816.0,816.0,816.0,816.0,0.0,30.0,24480.0
160,2014-03-23,816.0,800.0,735.0,741.0,0.0,2997.0,2325030.0
161,2014-03-26,741.0,741.0,741.0,741.0,0.0,60.0,43260.0
162,2014-04-01,741.0,740.0,740.0,740.0,0.0,225.0,166500.0
163,2014-04-02,740.0,754.0,740.0,754.0,0.0,344.0,257296.0
164,2014-04-07,754.0,740.0,730.0,730.0,0.0,275.0,201240.0
165,2014-04-09,730.0,773.0,744.0,773.0,0.0,60.0,45852.0
166,2014-04-10,773.0,758.0,758.0,758.0,0.0,207.0,156906.0
167,2014-04-13,758.0,773.0,773.0,773.0,0.0,84.0,64932.0
168,2014-04-15,773.0,770.0,759.0,759.0,0.0,180.0,137082.0
169,2014-04-16,759.0,790.0,774.0,775.0,0.0,12651.0,9936168.0
170,2014-04-17,775.0,779.0,766.0,766.0,0.0,1092.0,845376.0
171,2014-04-21,766.0,795.0,761.0,795.0,0.0,3033.0,2392281.0
172,2014-04-22,795.0,810.0,810.0,810.0,0.0,3000.0,2430000.0
173,2014-04-28,810.0,815.0,815.0,815.0,0.0,45.0,36675.0
174,2014-04-30,815.0,826.0,810.0,810.0,0.0,3330.0,2705100.0
175,2014-05-04,810.0,826.0,810.0,826.0,0.0,1017.0,824106.0
176,2014-05-06,826.0,826.0,826.0,826.0,0.0,2004.0,1655304.0
177,2014-05-11,826.0,842.0,840.0,842.0,0.0,234.0,196992.0
178,2014-05-15,842.0,842.0,826.0,842.0,0.0,7791.0,6441462.0
179,2014-05-18,842.0,855.0,850.0,855.0,0.0,60.0,51120.0
180,2014-05-19,855.0,890.0,872.0,890.0,0.0,477.0,417930.0
181,2014-05-20,890.0,907.0,890.0,905.0,0.0,102.0,91662.0
182,2014-05-21,905.0,905.0,905.0,905.0,0.0,12.0,10860.0
183,2014-05-22,905.0,901.0,900.0,900.0,0.0,156.0,140469.0
184,2014-05-25,900.0,918.0,918.0,918.0,0.0,30.0,27540.0
185,2014-05-26,918.0,964.0,900.0,964.0,0.0,2208.0,1990704.0
186,2014-05-27,964.0,989.0,970.0,989.0,0.0,1299.0,1280094.0
187,2014-05-28,989.0,1000.0,1000.0,1000.0,0.0,48.0,48000.0
188,2014-06-01,1000.0,1020.0,1000.0,1000.0,0.0,150.0,150360.0
189,2014-06-02,1000.0,1020.0,1000.0,1010.0,0.0,1206.0,1208784.0
190,2014-06-03,1010.0,1028.0,1002.0,1028.0,0.0,1761.0,1769394.0
191,2014-06-08,1028.0,1030.0,1010.0,1010.0,0.0,1260.0,1273800.0
192,2014-06-11,1010.0,1001.0,1000.0,1001.0,0.0,2316.0,2316138.0
193,2014-06-12,1001.0,1000.0,1000.0,1000.0,0.0,2685.0,2685000.0
194,2014-06-17,1000.0,1019.0,1018.0,1018.0,0.0,1164.0,1184964.0
195,2014-06-18,1018.0,1020.0,1020.0,1020.0,0.0,18.0,18360.0
196,2014-06-19,1020.0,1060.0,1040.0,1040.0,0.0,66.0,69000.0
197,2014-06-25,1040.0,1040.0,1040.0,1040.0,0.0,18.0,18720.0
198,2014-06-26,1040.0,1060.0,1060.0,1060.0,0.0,12.0,12720.0
199,2014-07-06,1060.0,1080.0,1080.0,1080.0,0.0,18.0,19440.0
200,2014-07-08,1080.0,1101.0,1059.0,1101.0,0.0,2136.0,2283198.0
201,2014-07-10,1101.0,1079.0,1079.0,1079.0,0.0,318.0,343122.0
202,2014-07-14,1079.0,1070.0,1070.0,1070.0,0.0,18.0,19260.0
203,2014-07-16,1070.0,1070.0,1070.0,1070.0,0.0,36.0,38520.0
204,2014-07-17,1070.0,1050.0,1050.0,1050.0,0.0,12.0,12600.0
205,2014-07-21,1050.0,1040.0,1040.0,1040.0,0.0,48.0,49920.0
206,2014-07-22,1040.0,1040.0,1022.0,1022.0,0.0,87.0,90210.0
207,2014-07-23,1022.0,1020.0,1020.0,1020.0,0.0,42.0,42840.0
208,2014-07-27,1020.0,1020.0,1020.0,1020.0,0.0,204.0,208080.0
209,2014-07-30,1020.0,1030.0,1020.0,1030.0,0.0,66.0,67530.0
210,2014-08-04,1030.0,1030.0,1030.0,1030.0,0.0,18.0,18540.0
211,2014-08-05,1030.0,1030.0,1000.0,1000.0,0.0,132.0,133620.0
212,2014-08-06,1000.0,1000.0,990.0,990.0,0.0,36.0,35880.0
213,2014-08-20,990.0,1000.0,990.0,1000.0,0.0,69.0,68880.0
214,2014-08-28,1000.0,1040.0,1020.0,1020.0,0.0,87.0,89160.0
215,2014-09-01,1020.0,1022.0,990.0,990.0,0.0,225.0,225210.0
216,2014-09-04,990.0,974.0,955.0,955.0,0.0,45.0,43431.0
217,2014-09-23,955.0,936.0,936.0,936.0,0.0,60.0,56160.0
218,2014-10-19,936.0,973.0,954.0,973.0,0.0,42.0,40410.0
219,2014-10-22,973.0,955.0,954.0,955.0,0.0,121.0,115462.0
220,2014-11-02,955.0,945.0,936.0,945.0,0.0,862.0,814338.0
221,2014-11-04,945.0,927.0,891.0,891.0,0.0,232.0,210852.0
222,2014-11-06,891.0,885.0,868.0,868.0,0.0,1173.0,1022080.0
223,2014-11-12,868.0,852.0,841.0,841.0,0.0,351.0,295389.0
224,2014-11-13,841.0,828.0,828.0,828.0,0.0,54.0,44712.0
225,2014-11-23,828.0,815.0,815.0,815.0,0.0,48.0,39120.0
226,2014-12-07,815.0,835.0,805.0,805.0,0.0,540.0,440076.0
227,2014-12-08,805.0,810.0,810.0,810.0,0.0,1968.0,1594080.0
228,2014-12-17,810.0,820.0,820.0,820.0,0.0,21.0,17220.0
229,2014-12-18,820.0,886.0,836.0,886.0,0.0,3048.0,2549865.0
230,2014-12-31,886.0,869.0,869.0,869.0,0.0,54.0,46926.0
231,2015-01-08,869.0,955.0,886.0,955.0,0.0,81.0,74682.0
232,2015-01-11,955.0,980.0,960.0,980.0,0.0,2109.0,2056380.0
233,2015-01-12,980.0,999.0,999.0,999.0,0.0,165.0,164835.0
234,2015-01-14,999.0,980.0,980.0,980.0,0.0,36.0,35280.0
235,2015-01-18,980.0,961.0,961.0,961.0,0.0,285.0,273885.0
236,2015-01-19,961.0,1020.0,980.0,1020.0,0.0,1056.0,1055622.0
237,2015-01-20,1020.0,1050.0,1020.0,1050.0,0.0,357.0,372240.0
238,2015-01-22,1050.0,1040.0,1040.0,1040.0,0.0,87.0,90480.0
239,2015-01-25,1040.0,1050.0,1050.0,1050.0,0.0,48.0,50400.0
240,2015-01-26,1050.0,1050.0,1050.0,1050.0,0.0,552.0,579600.0
241,2015-01-29,1050.0,1071.0,1071.0,1071.0,0.0,102.0,109242.0
242,2015-02-01,1071.0,1050.0,1050.0,1050.0,0.0,435.0,456750.0
243,2015-02-04,1050.0,1030.0,1030.0,1030.0,0.0,30.0,30900.0
244,2015-02-08,1030.0,1050.0,1050.0,1050.0,0.0,12.0,12600.0
245,2015-02-10,1050.0,1071.0,1071.0,1071.0,0.0,60.0,64260.0
246,2015-02-11,1071.0,1090.0,1090.0,1090.0,0.0,12.0,13080.0
247,2015-02-25,1090.0,1070.0,1070.0,1070.0,0.0,30.0,32100.0
248,2015-03-02,1070.0,1050.0,1029.0,1029.0,0.0,72.0,74718.0
249,2015-03-03,1029.0,1009.0,1009.0,1009.0,0.0,12.0,12108.0
250,2015-03-04,1009.0,990.0,990.0,990.0,0.0,12.0,11880.0
251,2015-03-09,990.0,990.0,982.0,982.0,0.0,1296.0,1277064.0
252,2015-03-11,982.0,963.0,950.0,950.0,0.0,720.0,684156.0
253,2015-03-17,950.0,988.0,969.0,970.0,0.0,2412.0,2337576.0
254,2015-03-18,970.0,989.0,989.0,989.0,0.0,12.0,11868.0
255,2015-03-19,989.0,1000.0,989.0,1000.0,0.0,516.0,513204.0
256,2015-03-26,1000.0,985.0,980.0,980.0,0.0,120.0,117900.0
257,2015-03-29,980.0,971.0,960.0,960.0,0.0,702.0,675144.0
258,2015-04-08,960.0,980.0,975.0,980.0,0.0,48.0,46980.0
259,2015-04-09,980.0,1038.0,999.0,1038.0,0.0,36.0,36660.0
260,2015-04-12,1038.0,1058.0,1058.0,1058.0,0.0,57.0,60306.0
261,2015-04-13,1058.0,1060.0,1060.0,1060.0,0.0,36.0,38160.0
262,2015-04-15,1060.0,1065.0,1065.0,1065.0,0.0,36.0,38340.0
263,2015-04-16,1065.0,1065.0,1050.0,1065.0,0.0,75.0,79290.0
264,2015-04-23,1065.0,1044.0,1044.0,1044.0,0.0,180.0,187920.0
265,2015-06-02,1044.0,1044.0,1000.0,1000.0,0.0,78.0,79464.0
266,2015-06-03,1000.0,1005.0,1005.0,1005.0,0.0,21.0,21105.0
267,2015-06-07,1005.0,990.0,980.0,980.0,0.0,39.0,38430.0
268,2015-06-08,980.0,971.0,971.0,971.0,0.0,600.0,582600.0
269,2015-06-09,971.0,990.0,990.0,990.0,0.0,48.0,47520.0
270,2015-06-14,990.0,971.0,970.0,970.0,0.0,114.0,110628.0
271,2015-06-15,970.0,989.0,951.0,989.0,0.0,90.0,87414.0
272,2015-06-17,989.0,989.0,989.0,989.0,0.0,84.0,83076.0
273,2015-06-18,989.0,1000.0,1000.0,1000.0,0.0,498.0,498000.0
274,2015-06-21,1000.0,983.0,983.0,983.0,0.0,12.0,11796.0
275,2015-06-22,983.0,967.0,967.0,967.0,0.0,600.0,580200.0
276,2015-06-23,967.0,980.0,980.0,980.0,0.0,258.0,252840.0
277,2015-06-25,980.0,985.0,985.0,985.0,0.0,60.0,59100.0
278,2015-07-02,985.0,1004.0,985.0,1004.0,0.0,549.0,548190.0
279,2015-07-05,1004.0,1012.0,1000.0,1012.0,0.0,66.0,66216.0
280,2015-07-06,1012.0,1012.0,993.0,993.0,0.0,618.0,614016.0
281,2015-07-07,993.0,1000.0,991.0,1000.0,0.0,1632.0,1624608.0
282,2015-07-08,1000.0,1020.0,1001.0,1001.0,0.0,648.0,660048.0
283,2015-07-09,1001.0,986.0,986.0,986.0,0.0,96.0,94656.0
284,2015-07-12,986.0,999.0,980.0,999.0,0.0,729.0,715215.0
285,2015-07-13,999.0,984.0,984.0,984.0,0.0,600.0,590400.0
286,2015-07-14,984.0,996.0,977.0,996.0,0.0,912.0,891252.0
287,2015-07-16,996.0,1023.0,1003.0,1023.0,0.0,712.0,716076.0
288,2015-07-22,1023.0,1025.0,1020.0,1020.0,0.0,245.0,250731.0
289,2015-07-23,1020.0,1040.0,1040.0,1040.0,0.0,12.0,12480.0
290,2015-07-26,1040.0,1144.0,1060.0,1144.0,0.0,180.0,201318.0
291,2015-07-27,1144.0,1203.0,1166.0,1180.0,0.0,1005.0,1180701.0
292,2015-07-28,1180.0,1200.0,1180.0,1200.0,0.0,27.0,32160.0
293,2015-07-30,1200.0,1200.0,1176.0,1176.0,0.0,66.0,78912.0
294,2015-08-04,1176.0,1155.0,1140.0,1140.0,0.0,528.0,603405.0
295,2015-08-05,1140.0,1185.0,1140.0,1185.0,0.0,342.0,393522.0
296,2015-08-06,1185.0,1162.0,1162.0,1162.0,0.0,12.0,13944.0
297,2015-08-09,1162.0,1170.0,1148.0,1148.0,0.0,39.0,45126.0
298,2015-08-10,1148.0,1162.0,1150.0,1150.0,0.0,499.0,573970.0
299,2015-08-11,1150.0,1128.0,1127.0,1128.0,0.0,29.0,32701.0
300,2015-08-12,1128.0,1140.0,1112.0,1118.0,0.0,869.0,973099.0
301,2015-08-13,1118.0,1137.0,1110.0,1115.0,0.0,1185.0,1321527.0
302,2015-08-16,1115.0,1130.0,1093.0,1116.0,0.0,822.0,904470.0
303,2015-08-17,1116.0,1138.0,1138.0,1138.0,0.0,27.0,30726.0
304,2015-08-19,1138.0,1251.0,1160.0,1250.0,0.0,1080.0,1329684.0
305,2015-08-20,1250.0,1300.0,1275.0,1300.0,0.0,90.0,115800.0
306,2015-08-25,1300.0,1299.0,1274.0,1299.0,0.0,279.0,361221.0
307,2015-08-26,1299.0,1301.0,1301.0,1301.0,0.0,90.0,117090.0
308,2015-08-27,1301.0,1330.0,1319.0,1330.0,0.0,330.0,437370.0
309,2015-09-02,1330.0,1350.0,1350.0,1350.0,0.0,42.0,56700.0
310,2015-09-07,1350.0,1377.0,1330.0,1330.0,0.0,522.0,699630.0
311,2015-11-29,1330.0,1304.0,1304.0,1304.0,0.0,60.0,78240.0
312,2015-11-30,1304.0,1300.0,1290.0,1290.0,0.0,215.0,277500.0
313,2015-12-08,1290.0,1265.0,1240.0,1240.0,0.0,236.0,297640.0
314,2015-12-16,1240.0,1300.0,1216.0,1300.0,0.0,466.0,574428.0
315,2015-12-28,1300.0,1326.0,1326.0,1326.0,0.0,60.0,79560.0
316,2015-12-29,1326.0,1351.0,1350.0,1350.0,0.0,33.0,44562.0
317,2015-12-31,1350.0,1350.0,1350.0,1350.0,0.0,338.0,456300.0
318,2016-01-03,1350.0,1349.0,1300.0,1349.0,0.0,2487.0,3302491.0
319,2016-01-04,1349.0,1340.0,1320.0,1320.0,0.0,1372.0,1815640.0
320,2016-01-06,1320.0,1300.0,1300.0,1300.0,0.0,165.0,214500.0
321,2016-01-11,1300.0,1305.0,1280.0,1305.0,0.0,80.0,103860.0
322,2016-01-12,1305.0,1330.0,1330.0,1330.0,0.0,335.0,445550.0
323,2016-01-17,1330.0,1304.0,1304.0,1304.0,0.0,10.0,13040.0
324,2016-01-18,1304.0,1383.0,1330.0,1383.0,0.0,543.0,733926.0
325,2016-01-19,1383.0,1383.0,1356.0,1383.0,0.0,480.0,662880.0
326,2016-01-20,1383.0,1521.0,1410.0,1520.0,0.0,1126.0,1706435.0
327,2016-01-21,1520.0,1539.0,1490.0,1539.0,0.0,640.0,966060.0
328,2016-01-26,1539.0,1626.0,1550.0,1626.0,0.0,1048.0,1647140.0
329,2016-01-27,1626.0,1640.0,1635.0,1635.0,0.0,372.0,609220.0
330,2016-01-31,1635.0,1603.0,1603.0,1603.0,0.0,10.0,16030.0
331,2016-02-01,1603.0,1571.0,1443.0,1443.0,0.0,1126.0,1653244.0
332,2016-02-02,1443.0,1463.0,1416.0,1444.0,0.0,812.0,1163847.0
333,2016-02-03,1444.0,1460.0,1431.0,1431.0,0.0,112.0,160620.0
334,2016-02-04,1431.0,1480.0,1451.0,1451.0,0.0,792.0,1156038.0
335,2016-02-07,1451.0,1425.0,1425.0,1425.0,0.0,92.0,131100.0
336,2016-02-08,1425.0,1500.0,1453.0,1500.0,0.0,30.0,44350.0
337,2016-02-11,1500.0,1485.0,1485.0,1485.0,0.0,100.0,148500.0
338,2016-02-14,1485.0,1514.0,1480.0,1480.0,0.0,250.0,376920.0
339,2016-02-16,1480.0,1509.0,1509.0,1509.0,0.0,11.0,16599.0
340,2016-02-17,1509.0,1499.0,1470.0,1499.0,0.0,276.0,407982.0
341,2016-02-18,1499.0,1470.0,1395.0,1395.0,0.0,531.0,751158.0
342,2016-02-22,1395.0,1401.0,1341.0,1401.0,0.0,906.0,1243446.0
343,2016-02-24,1401.0,1479.0,1401.0,1430.0,0.0,398.0,569042.0
344,2016-02-25,1430.0,1420.0,1392.0,1400.0,0.0,650.0,912350.0
345,2016-02-28,1400.0,1399.0,1372.0,1373.0,0.0,248.0,346004.0
346,2016-03-02,1373.0,1428.0,1375.0,1400.0,0.0,404.0,557186.0
347,2016-03-03,1400.0,1402.0,1375.0,1402.0,0.0,312.0,429324.0
348,2016-03-06,1402.0,1400.0,1400.0,1400.0,0.0,175.0,245000.0
349,2016-03-13,1400.0,1453.0,1400.0,1400.0,0.0,122.0,172130.0
350,2016-03-15,1400.0,1428.0,1428.0,1428.0,0.0,100.0,142800.0
351,2016-03-16,1428.0,1400.0,1385.0,1400.0,0.0,360.0,500000.0
352,2016-03-21,1400.0,1428.0,1372.0,1399.0,0.0,222.0,313164.0
353,2016-03-23,1399.0,1395.0,1379.0,1395.0,0.0,150.0,207170.0
354,2016-03-24,1395.0,1395.0,1395.0,1395.0,0.0,200.0,279000.0
355,2016-03-27,1395.0,1449.0,1420.0,1449.0,0.0,1338.0,1903208.0
356,2016-03-28,1449.0,1495.0,1450.0,1479.0,0.0,642.0,943100.0
357,2016-03-30,1479.0,1450.0,1450.0,1450.0,0.0,20.0,29000.0
358,2016-03-31,1450.0,1479.0,1450.0,1479.0,0.0,76.0,110490.0
359,2016-04-03,1479.0,1508.0,1508.0,1508.0,0.0,10.0,15080.0
360,2016-04-06,1508.0,1481.0,1478.0,1478.0,0.0,130.0,192360.0
361,2016-04-11,1478.0,1567.0,1507.0,1536.0,0.0,80.0,123240.0
362,2016-04-12,1536.0,1510.0,1506.0,1506.0,0.0,112.0,169072.0
363,2016-04-14,1506.0,1480.0,1476.0,1476.0,0.0,80.0,118280.0
364,2016-04-17,1476.0,1505.0,1505.0,1505.0,0.0,36.0,54180.0
365,2016-04-18,1505.0,1535.0,1490.0,1520.0,0.0,1043.0,1574692.0
366,2016-04-19,1520.0,1550.0,1539.0,1550.0,0.0,136.0,209500.0
367,2016-04-20,1550.0,1600.0,1540.0,1550.0,0.0,380.0,592350.0
368,2016-04-21,1550.0,1560.0,1560.0,1560.0,0.0,10.0,15600.0
369,2016-04-25,1560.0,1606.0,1574.0,1574.0,0.0,76.0,120300.0
370,2016-04-26,1574.0,1543.0,1543.0,1543.0,0.0,50.0,77150.0
371,2016-04-27,1543.0,1543.0,1513.0,1513.0,0.0,260.0,393680.0
372,2016-04-28,1513.0,1535.0,1491.0,1500.0,0.0,349.0,522785.0
373,2016-05-02,1500.0,1595.0,1475.0,1585.0,0.0,892.0,1356855.0
374,2016-05-03,1585.0,1560.0,1560.0,1560.0,0.0,100.0,156000.0
375,2016-05-04,1560.0,1600.0,1481.0,1600.0,0.0,372.0,587800.0
376,2016-05-05,1600.0,1568.0,1545.0,1560.0,0.0,418.0,648460.0
377,2016-05-08,1560.0,1600.0,1530.0,1600.0,0.0,440.0,687000.0
378,2016-05-09,1600.0,1568.0,1568.0,1568.0,0.0,30.0,47040.0
379,2016-05-10,1568.0,1545.0,1545.0,1545.0,0.0,48.0,74160.0
380,2016-05-15,1545.0,1515.0,1515.0,1515.0,0.0,100.0,151500.0
381,2016-05-18,1515.0,1545.0,1545.0,1545.0,0.0,96.0,148320.0
382,2016-05-19,1545.0,1546.0,1515.0,1546.0,0.0,158.0,241424.0
383,2016-05-22,1546.0,1550.0,1550.0,1550.0,0.0,60.0,93000.0
384,2016-05-23,1550.0,1550.0,1530.0,1550.0,0.0,180.0,277000.0
385,2016-05-24,1550.0,1581.0,1550.0,1550.0,0.0,206.0,320816.0
386,2016-05-25,1550.0,1570.0,1545.0,1550.0,0.0,586.0,909220.0
387,2016-05-26,1550.0,1580.0,1550.0,1580.0,0.0,130.0,202400.0
388,2016-05-29,1580.0,1590.0,1560.0,1560.0,0.0,512.0,799080.0
389,2016-05-30,1560.0,1550.0,1550.0,1550.0,0.0,200.0,310000.0
390,2016-06-05,1550.0,1550.0,1519.0,1519.0,0.0,150.0,228470.0
391,2016-06-06,1519.0,1575.0,1544.0,1544.0,0.0,91.0,141255.0
392,2016-06-07,1544.0,1670.0,1540.0,1636.0,0.0,1834.0,2931324.0
393,2016-06-08,1636.0,1664.0,1570.0,1570.0,0.0,70.0,112740.0
394,2016-06-09,1570.0,1634.0,1580.0,1634.0,0.0,635.0,1014236.0
395,2016-06-12,1634.0,1732.0,1632.0,1663.0,0.0,984.0,1627168.0
396,2016-06-13,1663.0,1665.0,1568.0,1665.0,0.0,1802.0,2854347.0
397,2016-06-14,1665.0,1698.0,1580.0,1580.0,0.0,1105.0,1785095.0
398,2016-06-15,1580.0,1590.0,1580.0,1590.0,0.0,345.0,548430.0
399,2016-06-16,1590.0,1662.0,1620.0,1662.0,0.0,892.0,1473200.0
400,2016-06-19,1662.0,1694.0,1665.0,1665.0,0.0,110.0,183440.0
401,2016-06-20,1665.0,1640.0,1608.0,1610.0,0.0,154.0,251516.0
402,2016-06-22,1610.0,1620.0,1620.0,1620.0,0.0,12.0,19440.0
403,2016-06-23,1620.0,1749.0,1650.0,1740.0,0.0,1718.0,2885886.0
404,2016-06-26,1740.0,1800.0,1764.0,1770.0,0.0,420.0,743960.0
405,2016-06-27,1770.0,1750.0,1682.0,1750.0,0.0,1962.0,3375520.0
406,2016-06-28,1750.0,1925.0,1785.0,1925.0,0.0,2605.0,4792290.0
407,2016-06-29,1925.0,1963.0,1920.0,1963.0,0.0,266.0,514288.0
408,2016-06-30,1963.0,2000.0,1930.0,1930.0,0.0,371.0,736235.0
409,2016-07-03,1930.0,1900.0,1900.0,1900.0,0.0,18.0,34200.0
410,2016-07-04,1900.0,1930.0,1862.0,1862.0,0.0,160.0,304168.0
411,2016-07-05,1862.0,1830.0,1794.0,1794.0,0.0,45.0,81594.0
412,2016-07-10,1794.0,1825.0,1794.0,1820.0,0.0,409.0,744387.0
413,2016-07-11,1820.0,1835.0,1800.0,1803.0,0.0,202.0,364830.0
414,2016-07-12,1803.0,1787.0,1787.0,1787.0,0.0,10.0,17870.0
415,2016-07-13,1787.0,1755.0,1755.0,1755.0,0.0,37.0,64935.0
416,2016-07-14,1755.0,1861.0,1790.0,1861.0,0.0,155.0,286010.0
417,2016-07-17,1861.0,1940.0,1840.0,1940.0,0.0,1350.0,2565625.0
418,2016-07-18,1940.0,1975.0,1910.0,1910.0,0.0,310.0,595750.0
419,2016-07-21,1910.0,1875.0,1840.0,1840.0,0.0,22.0,40900.0
420,2016-07-25,1840.0,1876.0,1840.0,1840.0,0.0,127.0,234652.0
421,2016-07-26,1840.0,1850.0,1810.0,1850.0,0.0,96.0,176120.0
422,2016-07-27,1850.0,1915.0,1887.0,1915.0,0.0,150.0,285850.0
423,2016-07-28,1915.0,1877.0,1850.0,1850.0,0.0,211.0,391106.0
424,2016-07-31,1850.0,1875.0,1875.0,1875.0,0.0,100.0,187500.0
425,2016-08-01,1875.0,1840.0,1838.0,1838.0,0.0,200.0,367800.0
426,2016-08-02,1838.0,1840.0,1804.0,1804.0,0.0,786.0,1420690.0
427,2016-08-03,1804.0,1790.0,1790.0,1790.0,0.0,36.0,64440.0
428,2016-08-04,1790.0,1755.0,1726.0,1726.0,0.0,108.0,189192.0
429,2016-08-07,1726.0,1720.0,1710.0,1720.0,0.0,129.0,221670.0
430,2016-08-11,1720.0,1892.0,1754.0,1892.0,0.0,288.0,530592.0
431,2016-08-14,1892.0,1892.0,1892.0,1892.0,0.0,600.0,1135200.0
432,2016-08-15,1892.0,1928.0,1855.0,1928.0,0.0,95.0,179608.0
433,2016-08-16,1928.0,1900.0,1900.0,1900.0,0.0,18.0,34200.0
434,2016-08-17,1900.0,1862.0,1794.0,1794.0,0.0,86.0,156156.0
435,2016-08-21,1794.0,1759.0,1759.0,1759.0,0.0,12.0,21108.0
436,2016-08-22,1759.0,1733.0,1724.0,1724.0,0.0,228.0,394638.0
437,2016-08-23,1724.0,1730.0,1700.0,1700.0,0.0,520.0,893300.0
438,2016-08-24,1700.0,1803.0,1705.0,1803.0,0.0,202.0,352644.0
439,2016-08-28,1803.0,1839.0,1803.0,1803.0,0.0,323.0,589569.0
440,2016-08-29,1803.0,1803.0,1803.0,1803.0,0.0,110.0,198330.0
441,2016-08-30,1803.0,1860.0,1830.0,1860.0,0.0,350.0,645500.0
442,2016-08-31,1860.0,1910.0,1800.0,1800.0,0.0,460.0,868136.0
443,2016-09-03,1800.0,1945.0,1836.0,1945.0,0.0,289.0,546606.0
444,2016-09-04,1800.0,1945.0,1836.0,1945.0,0.0,289.0,546606.0
445,2016-09-05,1945.0,1907.0,1900.0,1900.0,0.0,70.0,133140.0
446,2016-09-06,1900.0,1927.0,1853.0,1853.0,0.0,568.0,1059560.0
447,2016-09-08,1853.0,1927.0,1890.0,1927.0,0.0,76.0,144232.0
448,2016-09-11,1927.0,1900.0,1900.0,1900.0,0.0,50.0,95000.0
449,2016-09-20,1900.0,1900.0,1863.0,1863.0,0.0,260.0,491780.0
450,2016-09-21,1863.0,1826.0,1826.0,1826.0,0.0,116.0,211816.0
451,2016-09-22,1826.0,2008.0,1862.0,2008.0,0.0,2269.0,4454579.0
452,2016-09-25,2008.0,1968.0,1850.0,1850.0,0.0,416.0,780681.0
453,2016-09-26,1850.0,1963.0,1815.0,1963.0,0.0,739.0,1392979.0
454,2016-09-27,1963.0,2000.0,1920.0,1921.0,0.0,434.0,842762.0
455,2016-09-28,1921.0,1919.0,1845.0,1919.0,0.0,984.0,1843163.0
456,2016-09-29,1919.0,1881.0,1728.0,1728.0,0.0,3894.0,6784140.0
457,2016-10-02,1728.0,1695.0,1600.0,1600.0,0.0,368.0,597376.0
458,2016-10-03,1600.0,1568.0,1568.0,1568.0,0.0,100.0,156800.0
459,2017-02-08,1568.0,1568.0,1568.0,1568.0,0.0,4.0,6272.0
460,2017-02-16,1568.0,1538.0,1538.0,1538.0,0.0,4.0,6152.0
461,2017-03-28,1538.0,1568.0,1568.0,1568.0,0.0,8.0,12544.0
462,2017-03-29,1568.0,1598.0,1598.0,1598.0,0.0,10.0,15980.0
463,2017-04-06,1598.0,1567.0,1536.0,1536.0,0.0,50.0,77327.0
464,2017-04-10,1536.0,1566.0,1566.0,1566.0,0.0,12.0,18792.0
465,2017-04-18,1566.0,1535.0,1535.0,1535.0,0.0,14.0,21490.0
466,2017-04-23,1535.0,1564.0,1533.0,1533.0,0.0,328.0,503892.0
467,2017-05-08,1533.0,1503.0,1503.0,1503.0,0.0,10.0,15030.0
468,2017-05-22,1503.0,1503.0,1503.0,1503.0,0.0,6.0,9000.0
469,2017-05-23,1503.0,1473.0,1473.0,1473.0,0.0,8.0,11784.0
470,2017-05-30,1503.0,1473.0,1473.0,1473.0,0.0,4.0,5892.0
471,2017-06-12,1503.0,1473.0,1361.0,1361.0,0.0,50.0,70820.0
472,2017-06-14,1361.0,1334.0,1334.0,1334.0,0.0,108.0,143864.0
473,2017-06-15,1334.0,1308.0,1282.0,1282.0,0.0,208.0,267332.0
474,2017-06-18,1282.0,1257.0,1154.0,1154.0,0.0,8125.0,10001655.0
475,2017-06-19,1154.0,1131.0,1045.0,1045.0,0.0,94.0,104144.0
476,2017-06-20,1045.0,1025.0,941.0,941.0,0.0,3826.0,3615374.0
477,2017-06-21,941.0,923.0,847.0,907.0,0.0,1924.0,1691732.0
478,2017-06-22,907.0,889.0,839.0,867.0,0.0,950.0,804290.0
479,2017-06-25,867.0,901.0,835.0,901.0,0.0,784.0,669064.0
480,2017-06-27,901.0,918.0,883.0,900.0,0.0,613.0,547617.0
481,2017-06-28,900.0,990.0,883.0,990.0,0.0,501.0,454278.0
482,2017-07-02,990.0,1009.0,891.0,900.0,0.0,830.0,753710.0
483,2017-07-03,900.0,899.0,890.0,890.0,0.0,22.0,19688.0
484,2017-07-04,890.0,925.0,907.0,925.0,0.0,20.0,18320.0
485,2017-07-05,925.0,910.0,910.0,910.0,0.0,8.0,7280.0
486,2017-07-09,925.0,941.0,930.0,941.0,0.0,38.0,35648.0
487,2017-07-11,941.0,925.0,925.0,925.0,0.0,2.0,1850.0
488,2017-07-16,941.0,923.0,923.0,923.0,0.0,10.0,9230.0
489,2017-07-17,923.0,921.0,885.0,885.0,0.0,140.0,126960.0
490,2017-07-18,885.0,920.0,834.0,920.0,0.0,1574.0,1339580.0
491,2017-07-19,920.0,902.0,850.0,884.0,0.0,646.0,559322.0
492,2017-07-20,884.0,884.0,841.0,857.0,0.0,900.0,769180.0
493,2017-07-23,857.0,861.0,845.0,861.0,0.0,64.0,54880.0
494,2017-07-24,861.0,910.0,844.0,892.0,0.0,396.0,345228.0
495,2017-07-26,892.0,890.0,860.0,877.0,0.0,60.0,52830.0
496,2017-07-27,877.0,860.0,850.0,860.0,0.0,130.0,111520.0
497,2017-07-30,860.0,860.0,833.0,840.0,0.0,340.0,285540.0
498,2017-07-31,840.0,855.0,824.0,846.0,0.0,1076.0,904696.0
499,2017-08-01,846.0,846.0,820.0,820.0,0.0,2150.0,1771170.0
500,2017-08-02,820.0,827.0,820.0,827.0,0.0,200.0,164700.0
501,2017-08-03,827.0,817.0,817.0,817.0,0.0,100.0,81700.0
502,2017-08-06,817.0,806.0,806.0,806.0,0.0,20.0,16120.0
503,2017-08-07,806.0,806.0,806.0,806.0,0.0,104.0,83824.0
504,2017-08-09,806.0,800.0,800.0,800.0,0.0,200.0,160000.0
505,2017-08-10,800.0,832.0,816.0,832.0,0.0,20.0,16480.0
506,2017-08-15,832.0,816.0,816.0,816.0,0.0,100.0,81600.0
507,2017-08-16,816.0,825.0,810.0,810.0,0.0,261.0,213825.0
508,2017-08-17,810.0,810.0,810.0,810.0,0.0,84.0,68040.0
509,2017-08-22,810.0,794.0,794.0,794.0,0.0,20.0,15880.0
510,2017-08-23,794.0,800.0,800.0,800.0,0.0,100.0,80000.0
511,2017-08-24,800.0,816.0,795.0,816.0,0.0,357.0,285279.0
512,2017-09-06,816.0,800.0,800.0,800.0,0.0,8.0,6400.0
513,2017-09-07,816.0,800.0,784.0,784.0,0.0,350.0,274720.0
514,2017-09-10,784.0,769.0,769.0,769.0,0.0,50.0,38450.0
515,2017-09-13,769.0,814.0,769.0,814.0,0.0,84.0,66456.0
516,2017-09-17,814.0,798.0,798.0,798.0,0.0,270.0,215460.0
517,2017-09-18,798.0,798.0,798.0,798.0,0.0,50.0,39900.0
518,2017-09-24,798.0,800.0,790.0,800.0,0.0,90.0,71600.0
519,2017-10-04,800.0,790.0,790.0,790.0,0.0,64.0,50560.0
520,2017-10-08,790.0,775.0,775.0,775.0,0.0,6.0,4650.0
521,2017-10-10,790.0,790.0,790.0,790.0,0.0,20.0,15800.0
522,2017-10-23,790.0,780.0,775.0,775.0,0.0,64.0,49720.0
523,2017-10-29,775.0,765.0,755.0,755.0,0.0,60.0,45550.0
524,2017-11-02,755.0,770.0,750.0,755.0,0.0,256.0,193690.0
525,2017-11-06,755.0,800.0,755.0,800.0,0.0,110.0,85750.0
526,2017-11-16,800.0,800.0,800.0,800.0,0.0,8.0,6400.0
527,2017-11-21,800.0,800.0,800.0,800.0,0.0,8.0,6400.0
528,2017-11-23,800.0,816.0,816.0,816.0,0.0,10.0,8160.0
529,2017-11-26,816.0,805.0,784.0,784.0,0.0,132.0,104060.0
530,2017-11-27,784.0,780.0,744.0,744.0,0.0,350.0,268830.0
531,2017-11-28,744.0,774.0,745.0,774.0,0.0,56.0,42150.0
532,2017-11-29,774.0,759.0,758.0,758.0,0.0,154.0,116832.0
533,2017-11-30,758.0,755.0,740.0,740.0,0.0,370.0,276300.0
534,2017-12-04,740.0,740.0,740.0,740.0,0.0,100.0,74000.0
535,2017-12-06,740.0,735.0,735.0,735.0,0.0,100.0,73500.0
536,2017-12-10,735.0,763.0,721.0,763.0,0.0,469.0,342479.0
537,2017-12-11,763.0,820.0,778.0,820.0,0.0,114.0,90890.0
538,2017-12-12,820.0,835.0,803.0,803.0,0.0,162.0,132070.0
539,2017-12-13,803.0,790.0,790.0,790.0,0.0,8.0,6320.0
540,2017-12-24,803.0,803.0,803.0,803.0,0.0,72.0,57816.0
541,2017-12-26,803.0,787.0,787.0,787.0,0.0,8.0,6296.0
542,2017-12-27,803.0,790.0,790.0,790.0,0.0,8.0,6320.0
543,2017-12-28,803.0,787.0,787.0,787.0,0.0,10.0,7870.0
544,2018-01-02,787.0,772.0,709.0,735.0,0.0,1116.0,800328.0
545,2018-01-03,735.0,728.0,695.0,728.0,0.0,584.0,413259.0
546,2018-01-04,728.0,754.0,740.0,754.0,0.0,20.0,14940.0
547,2018-01-08,754.0,760.0,760.0,760.0,0.0,6.0,4560.0
548,2018-01-09,754.0,740.0,712.0,725.0,0.0,229.0,167691.0
549,2018-01-10,725.0,741.0,711.0,741.0,0.0,85.0,61240.0
550,2018-01-17,741.0,727.0,727.0,727.0,0.0,10.0,7270.0
551,2018-01-21,727.0,713.0,699.0,699.0,0.0,40.0,28100.0
552,2018-01-22,699.0,712.0,712.0,712.0,0.0,10.0,7120.0
553,2018-01-23,712.0,698.0,698.0,698.0,0.0,44.0,30748.0
554,2018-01-25,698.0,701.0,688.0,701.0,0.0,60.0,41410.0
555,2018-01-28,701.0,688.0,688.0,688.0,0.0,28.0,19264.0
556,2018-01-29,688.0,675.0,675.0,675.0,0.0,10.0,6750.0
557,2018-01-31,675.0,700.0,637.0,700.0,0.0,514.0,335598.0
558,2018-02-15,700.0,700.0,700.0,700.0,0.0,8.0,5600.0
559,2018-02-18,700.0,700.0,700.0,700.0,0.0,14.0,9800.0
560,2018-03-05,699.0,699.0,699.0,699.0,-0.14,24.0,16776.0
561,2018-03-06,698.0,698.0,698.0,698.0,-0.14,24.0,16752.0
562,2018-03-11,685.0,685.0,685.0,685.0,-1.86,584.0,400040.0
563,2018-03-13,685.0,685.0,685.0,685.0,0.0,6.0,4110.0
564,2018-03-28,672.0,685.0,672.0,685.0,0.0,16.0,10856.0
565,2018-04-03,698.0,711.0,698.0,711.0,3.8,306.0,213718.0
566,2018-04-08,697.0,697.0,697.0,697.0,-1.97,2991.0,2084727.0
567,2018-04-09,710.0,710.0,659.0,683.0,-2.01,2035.0,1421478.0
568,2018-04-10,670.0,676.0,645.0,676.0,-1.02,880.0,573150.0
569,2018-04-11,663.0,663.0,663.0,663.0,-1.92,10.0,6630.0
570,2018-04-12,650.0,650.0,650.0,650.0,-1.96,46.0,29900.0
571,2018-04-16,663.0,663.0,663.0,663.0,2.0,10.0,6630.0
572,2018-04-17,676.0,676.0,676.0,676.0,1.96,306.0,206856.0
573,2018-04-18,663.0,663.0,626.0,663.0,-1.92,5724.0,3755242.0
574,2018-04-22,650.0,660.0,637.0,660.0,-0.45,120.0,78302.0
575,2018-04-23,647.0,647.0,623.0,623.0,-5.61,60.0,37860.0
576,2018-04-24,612.0,624.0,612.0,612.0,-1.77,260.0,159560.0
577,2018-04-25,605.0,605.0,605.0,605.0,-1.14,46.0,27830.0
578,2018-04-26,617.0,661.0,612.0,612.0,1.16,1213.0,768056.0
579,2018-04-29,600.0,605.0,590.0,605.0,-1.14,445.0,265460.0
580,2018-05-03,593.0,593.0,593.0,593.0,-1.98,39.0,23127.0
581,2018-05-06,593.0,639.0,593.0,639.0,7.76,4471.0,2689893.0
582,2018-05-08,627.0,639.0,627.0,639.0,0.0,1226.0,778302.0
583,2018-05-10,628.0,628.0,628.0,628.0,-1.72,100.0,62800.0
584,2018-05-20,640.0,640.0,640.0,640.0,1.91,207.0,132480.0
585,2018-05-31,628.0,640.0,616.0,640.0,0.0,98.0,60968.0
586,2018-06-07,640.0,640.0,640.0,640.0,0.0,906.0,579840.0
587,2018-06-11,628.0,628.0,581.0,581.0,-9.22,214.0,130204.0
588,2018-06-12,570.0,570.0,559.0,559.0,-3.79,93.0,52663.0
589,2018-06-14,548.0,558.0,548.0,558.0,-0.18,333.0,182584.0
590,2018-06-17,569.0,569.0,569.0,569.0,1.97,10.0,5690.0
591,2018-06-18,580.0,580.0,580.0,580.0,1.93,10.0,5800.0
592,2018-06-19,591.0,601.0,591.0,601.0,3.62,23.0,13693.0
593,2018-06-20,613.0,625.0,613.0,625.0,3.99,30.0,18570.0
594,2018-06-21,635.0,635.0,635.0,635.0,1.6,10.0,6350.0
595,2018-06-24,623.0,623.0,623.0,623.0,-1.89,12.0,7476.0
596,2018-06-25,611.0,623.0,611.0,623.0,0.0,24.0,14808.0
597,2018-06-28,611.0,611.0,611.0,611.0,-1.93,100.0,61100.0
598,2018-07-02,622.0,622.0,622.0,622.0,1.8,10.0,6220.0
599,2018-07-03,633.0,633.0,633.0,633.0,1.77,25.0,15825.0
600,2018-07-04,633.0,633.0,633.0,633.0,0.0,12.0,7596.0
601,2018-07-10,621.0,654.0,597.0,654.0,3.32,408.0,248562.0
602,2018-07-11,641.0,650.0,617.0,617.0,-5.66,190.0,118630.0
603,2018-07-15,629.0,629.0,629.0,629.0,1.94,10.0,6290.0
604,2018-07-19,617.0,617.0,605.0,605.0,-3.82,265.0,161525.0
605,2018-07-22,617.0,617.0,616.0,616.0,1.82,38.0,23434.0
606,2018-07-23,628.0,640.0,616.0,616.0,0.0,67.0,42172.0
607,2018-07-26,604.0,604.0,604.0,604.0,-1.94,4.0,2416.0
608,2018-08-02,604.0,604.0,604.0,604.0,-1.95,64.0,38656.0
609,2018-08-13,592.0,592.0,592.0,592.0,-1.99,12.0,7104.0
610,2018-08-21,581.0,603.0,581.0,591.0,-0.17,156.0,91646.0
611,2018-08-22,581.0,581.0,580.0,580.0,-1.86,112.0,64972.0
612,2018-08-30,569.0,580.0,569.0,580.0,0.0,40.0,23090.0
613,2018-09-02,569.0,569.0,569.0,569.0,-1.89,16.0,9104.0
614,2018-09-04,580.0,626.0,580.0,626.0,7.93,95.0,57820.0
615,2018-09-26,626.0,626.0,626.0,626.0,0.0,40.0,25040.0
616,2018-11-13,626.0,626.0,626.0,626.0,0.0,442.0,276692.0
617,2018-11-27,633.0,633.0,633.0,633.0,1.12,80.0,50640.0
618,2018-12-19,625.0,625.0,625.0,625.0,-1.26,16.0,10000.0
619,2019-04-21,637.0,649.0,637.0,649.0,3.84,20.0,12860.0
620,2019-04-23,640.0,640.0,640.0,640.0,-1.39,24.0,15360.0
621,2019-05-15,672.0,672.0,672.0,672.0,5.0,10.0,6720.0
622,2019-08-12,705.0,705.0,705.0,705.0,4.91,10.0,7050.0
623,2019-08-19,740.0,740.0,740.0,740.0,4.96,10.0,7400.0
624,2019-09-02,725.0,725.0,725.0,725.0,-2.03,10.0,7250.0
625,2019-09-05,725.0,725.0,725.0,725.0,0.0,442.0,320450.0
626,2019-09-09,711.0,711.0,711.0,711.0,-1.93,10.0,7110.0
627,2019-10-21,697.0,697.0,645.0,645.0,-9.28,50.0,33550.0
628,2019-10-22,613.0,613.0,613.0,613.0,-4.96,10.0,6130.0
629,2019-11-10,601.0,601.0,601.0,601.0,-1.96,120.0,72120.0
630,2020-01-13,599.0,601.0,588.0,588.0,-2.16,83.0,49604.0
631,2020-01-14,617.0,617.0,617.0,617.0,4.93,10.0,6170.0
632,2020-01-19,647.0,647.0,647.0,647.0,4.86,10.0,6470.0
633,2020-01-20,635.0,635.0,611.0,611.0,-5.56,36.0,22428.0
634,2020-02-10,599.0,599.0,566.0,566.0,-7.36,40.0,23300.0
635,2020-02-23,577.0,622.0,577.0,622.0,9.89,60.0,35730.0
636,2020-02-25,610.0,610.0,610.0,610.0,-1.93,10.0,6100.0
637,2020-02-26,598.0,671.0,587.0,671.0,10.0,532.0,324306.0
638,2020-02-27,682.0,697.0,682.0,690.0,2.83,818.0,564865.0
639,2020-03-01,724.0,724.0,665.0,677.0,-1.88,151.0,102310.0
640,2020-03-02,664.0,664.0,664.0,664.0,-1.92,19.0,12616.0
641,2020-03-03,663.0,664.0,663.0,664.0,0.0,70.0,46460.0
642,2020-03-04,651.0,665.0,651.0,665.0,0.15,37.0,24297.0
643,2020-03-12,652.0,652.0,652.0,652.0,-1.95,20.0,13040.0
644,2020-03-16,664.0,664.0,655.0,664.0,1.84,240.0,159162.0
645,2020-07-14,670.0,670.0,670.0,670.0,0.9,226.0,151384.0
646,2020-07-16,680.0,680.0,680.0,680.0,1.49,12.0,8160.0
647,2020-07-21,646.0,667.0,634.0,641.0,-5.74,5311.0,3370790.0
648,2020-07-26,634.0,634.0,622.0,625.0,-2.5,122.0,76904.0
649,2020-07-27,625.0,625.0,625.0,625.0,0.0,135.0,84375.0
650,2020-07-30,625.0,650.0,625.0,650.0,4.0,144.0,92388.0
651,2020-08-11,650.0,650.0,650.0,650.0,0.0,18780.0,12207000.0
652,2020-08-13,655.0,655.0,655.0,655.0,0.77,10.0,6550.0
653,2020-08-17,655.0,655.0,566.0,655.0,0.0,1.0,655.0
654,2020-08-27,650.0,650.0,650.0,650.0,-0.76,115.0,74750.0
655,2020-09-03,650.0,650.0,650.0,650.0,0.0,22.0,14300.0
656,2020-09-06,682.0,682.0,669.0,670.0,3.08,130.0,87450.0
657,2020-09-07,670.0,670.0,670.0,670.0,0.0,121.0,81070.0
658,2020-09-08,665.0,665.0,665.0,665.0,-0.75,179.0,119035.0
659,2020-09-09,668.0,669.0,668.0,669.0,0.6,100.0,66862.0
660,2020-09-10,681.0,708.0,670.0,708.0,5.83,256.0,173455.0
661,2020-09-16,694.0,694.0,690.0,690.0,-2.54,21.0,14550.0
662,2020-09-21,681.0,681.0,681.0,681.0,-1.3,15.0,10215.0
663,2020-10-04,669.0,669.0,669.0,669.0,-1.76,163.0,109047.0
664,2020-10-05,656.0,656.0,643.0,643.0,-3.89,203.0,131159.0
665,2020-10-06,631.0,632.0,631.0,631.0,-1.87,256.0,161659.0
666,2020-10-07,628.0,647.0,628.0,647.0,2.54,127.0,80238.0
667,2020-10-08,650.0,650.0,650.0,650.0,0.46,145.0,94250.0
668,2020-10-12,650.0,650.0,650.0,650.0,0.0,50.0,32500.0
669,2020-10-15,650.0,650.0,650.0,650.0,0.0,10.0,6500.0
670,2020-10-19,640.0,652.0,640.0,652.0,0.31,127.0,82606.0
671,2020-10-21,640.0,640.0,639.0,639.0,-1.99,171.0,109369.0
672,2020-10-22,627.0,639.0,627.0,639.0,0.0,87.0,54873.0
673,2020-10-29,631.0,631.0,631.0,631.0,-1.25,12.0,7572.0
674,2020-11-05,620.0,643.0,620.0,643.0,1.9,191.0,120661.0
675,2020-11-08,655.0,655.0,642.0,642.0,-0.16,229.0,149865.0
676,2020-11-10,630.0,642.0,630.0,642.0,0.0,42.0,26820.0
677,2020-11-22,630.0,630.0,630.0,630.0,-1.87,12.0,7560.0
678,2020-11-23,620.0,620.0,618.0,618.0,-1.9,386.0,238948.0
679,2020-11-24,607.0,607.0,607.0,607.0,-1.78,10.0,6070.0
680,2020-11-25,600.0,600.0,595.0,595.0,-1.98,71.0,42495.0
681,2020-11-26,600.0,605.0,600.0,605.0,1.68,254.0,152670.0
682,2020-11-29,617.0,629.0,617.0,629.0,3.97,38.0,23746.0
683,2020-11-30,660.0,660.0,647.0,647.0,2.86,31.0,20187.0
684,2020-12-07,635.0,635.0,635.0,635.0,-1.85,39.0,24765.0
685,2020-12-08,623.0,635.0,623.0,635.0,0.0,85.0,53675.0
686,2020-12-09,623.0,623.0,623.0,623.0,-1.89,14.0,8722.0
687,2020-12-13,620.0,635.0,620.0,635.0,1.93,196.0,124310.0
688,2020-12-15,623.0,623.0,623.0,623.0,-1.89,16.0,9968.0
689,2020-12-16,623.0,623.0,623.0,623.0,0.0,12.0,7476.0
690,2020-12-21,611.0,611.0,599.0,599.0,-3.85,66.0,39726.0
691,2020-12-22,610.0,610.0,610.0,610.0,1.84,26.0,15860.0
692,2020-12-23,610.0,610.0,599.0,599.0,-1.8,20.0,12090.0
693,2020-12-27,610.0,610.0,610.0,610.0,1.84,10.0,6100.0
694,2020-12-28,622.0,622.0,622.0,622.0,1.97,26.0,16172.0
695,2020-12-29,615.0,620.0,615.0,620.0,-0.32,36.0,22220.0
696,2020-12-30,651.0,680.0,651.0,680.0,9.68,58.0,38675.0
697,2020-12-31,693.0,706.0,693.0,694.0,2.06,65.0,45243.0
698,2021-01-03,681.0,734.0,681.0,734.0,5.76,384.0,267376.0
699,2021-01-07,720.0,720.0,706.0,706.0,-3.81,34.0,24284.0
700,2021-01-10,697.0,697.0,696.0,696.0,-1.42,96.0,66866.0
701,2021-01-11,692.0,692.0,692.0,692.0,-0.57,250.0,173000.0
702,2021-01-17,705.0,705.0,705.0,705.0,1.88,10.0,7050.0
703,2021-01-18,695.0,695.0,678.0,678.0,-3.83,266.0,184398.0
704,2021-01-19,680.0,682.0,680.0,681.0,0.44,156.0,106131.0
705,2021-01-21,694.0,707.0,694.0,707.0,3.82,85.0,59965.0
706,2021-01-27,721.0,721.0,721.0,721.0,1.98,10.0,7210.0
707,2021-01-28,707.0,707.0,707.0,707.0,-1.94,100.0,70700.0
708,2021-01-31,693.0,693.0,693.0,693.0,-1.98,20.0,13860.0
709,2021-02-01,681.0,695.0,681.0,695.0,0.29,289.0,199469.0
710,2021-02-03,695.0,695.0,695.0,695.0,0.0,16.0,11120.0
711,2021-02-04,695.0,708.0,695.0,708.0,1.87,70.0,49300.0
712,2021-02-10,708.0,708.0,697.0,697.0,-1.55,295.0,206715.0
713,2021-02-11,690.0,690.0,685.0,685.0,-1.72,150.0,103000.0
714,2021-02-14,685.0,685.0,675.0,675.0,-1.46,242.0,164350.0
715,2021-02-15,665.0,665.0,665.0,665.0,-1.48,100.0,66500.0
716,2021-02-16,654.0,654.0,654.0,654.0,-1.65,312.0,204048.0
717,2021-02-18,667.0,719.0,667.0,719.0,9.94,719.0,497837.0
718,2021-02-21,725.0,725.0,719.0,719.0,0.0,150.0,108470.0
719,2021-02-22,710.0,710.0,705.0,705.0,-1.95,210.0,148550.0
720,2021-02-24,705.0,705.0,695.0,695.0,-1.42,150.0,104750.0
721,2021-02-25,708.0,722.0,708.0,715.0,2.88,440.0,313858.0
722,2021-03-03,720.0,720.0,706.0,706.0,-1.26,137.0,98353.0
723,2021-03-04,719.0,719.0,719.0,719.0,1.84,105.0,75495.0
724,2021-03-16,725.0,725.0,725.0,725.0,0.83,10.0,7250.0
725,2021-03-18,725.0,725.0,725.0,725.0,0.0,10.0,7250.0
726,2021-03-21,711.0,711.0,711.0,711.0,-1.93,29.0,20619.0
727,2021-04-01,715.0,720.0,715.0,720.0,1.27,343.0,245300.0
728,2021-04-06,725.0,725.0,725.0,725.0,0.69,90.0,65250.0
729,2021-04-13,725.0,725.0,725.0,725.0,0.0,39.0,28275.0
730,2021-04-15,739.0,753.0,739.0,753.0,3.86,57.0,42263.0
731,2021-05-02,738.0,738.0,738.0,738.0,-1.99,10.0,7380.0
732,2021-05-05,738.0,738.0,738.0,738.0,0.0,10.0,7380.0
733,2021-05-10,745.0,745.0,745.0,745.0,0.95,12.0,8940.0
734,2021-05-16,745.0,745.0,745.0,745.0,0.0,2.0,1490.0
735,2021-05-31,759.0,759.0,759.0,759.0,1.88,10.0,7590.0
736,2021-06-03,744.0,744.0,744.0,744.0,-1.98,10.0,7440.0
737,2021-06-10,744.0,744.0,744.0,744.0,0.0,10.0,7440.0
738,2021-06-14,758.0,758.0,758.0,758.0,1.88,40.0,30320.0
739,2021-06-15,744.0,744.0,732.0,732.0,-3.43,46.0,34008.0
740,2021-06-17,718.0,718.0,718.0,718.0,-1.91,18.0,12924.0
741,2021-06-22,732.0,732.0,732.0,732.0,1.95,48.0,35136.0
742,2021-06-23,732.0,746.0,732.0,746.0,1.91,38.0,28096.0
743,2021-06-24,732.0,732.0,718.0,718.0,-3.75,30.0,21810.0
744,2021-06-27,704.0,704.0,690.0,690.0,-3.9,34.0,23684.0
745,2021-07-01,680.0,680.0,680.0,680.0,-1.45,40.0,27200.0
746,2021-07-08,680.0,680.0,680.0,680.0,0.0,6.0,4002.0
747,2021-07-11,680.0,680.0,680.0,680.0,0.0,3.0,2001.0
748,2021-07-12,690.0,690.0,690.0,690.0,1.47,11.0,7590.0
749,2021-07-14,677.0,685.0,677.0,685.0,-0.72,164.0,111924.0
750,2021-07-15,672.0,672.0,672.0,672.0,-1.9,35.0,23520.0
751,2021-07-18,685.4,685.4,685.4,685.4,1.99,10.0,6854.0
752,2021-07-19,699.0,699.0,699.0,699.0,1.98,10.0,6990.0
753,2021-07-22,712.5,726.6,712.5,726.6,3.95,48.0,34341.0
754,2021-07-25,726.0,741.0,726.0,741.0,1.98,22.0,16122.0
755,2021-07-27,741.0,755.8,741.0,755.8,2.0,60.0,44904.0
756,2021-07-28,755.8,755.8,755.8,755.8,0.0,6.0,4500.0
757,2021-07-29,755.0,755.0,755.0,755.0,-0.11,10.0,7550.0
758,2021-08-01,740.0,770.0,700.0,770.0,1.99,274.0,197690.0
759,2021-08-04,754.6,754.6,750.0,750.0,-2.6,120.0,90092.0
760,2021-08-10,735.0,747.0,735.0,747.0,-0.4,118.0,86946.0
761,2021-08-12,732.1,732.1,717.5,722.0,-3.35,301.0,217882.5
762,2021-08-15,708.0,708.0,708.0,708.0,-1.94,44.0,31152.0
763,2021-08-16,695.0,695.0,695.0,695.0,-1.84,20.0,13900.0
764,2021-08-17,684.1,684.1,684.1,684.1,-1.57,17.0,11629.7
765,2021-08-25,673.0,673.0,673.0,673.0,-1.62,47.0,31635.0
766,2021-08-26,670.0,670.0,670.0,670.0,-0.45,10.0,6700.0
767,2021-09-12,677.0,677.0,677.0,677.0,1.04,20.0,13540.0
768,2021-09-15,677.0,677.0,672.0,672.0,-0.74,120.0,81040.0
769,2021-09-16,660.0,661.0,660.0,661.0,-1.64,60.0,39650.0
770,2021-09-20,650.0,650.0,650.0,650.0,-1.66,60.0,39000.0
771,2021-09-26,655.0,655.0,655.0,655.0,0.77,12.0,7860.0
772,2021-09-27,655.0,655.0,655.0,655.0,0.0,16.0,10480.0
773,2021-10-03,655.0,655.0,655.0,655.0,0.0,104.0,68120.0
774,2021-10-05,668.0,668.0,668.0,668.0,1.98,10.0,6680.0
775,2021-10-06,668.0,668.0,668.0,668.0,0.0,21.0,14028.0
776,2021-10-27,655.0,655.0,633.0,633.0,-5.24,292.0,188100.0
777,2021-10-28,637.0,637.0,620.5,620.5,-1.97,516.0,322746.0
778,2021-10-31,610.0,610.0,598.0,598.0,-3.63,20.0,12080.0
779,2021-11-02,591.0,591.0,590.0,590.0,-1.34,24.0,14170.0
780,2021-11-22,590.0,590.0,590.0,590.0,0.0,6.0,3469.2
781,2021-11-24,590.0,590.0,590.0,590.0,0.0,4.0,2312.8
782,2021-11-25,590.0,590.0,590.0,590.0,0.0,1944.0,1146960.0
783,2021-12-21,598.0,598.0,598.0,598.0,1.36,1944.0,1162512.0
784,2022-01-10,609.9,609.9,609.9,609.9,1.99,10.0,6099.0
785,2022-01-27,600.0,600.0,600.0,600.0,-1.62,15.0,9000.0
786,2022-03-31,600.0,600.0,600.0,600.0,0.0,11.0,6600.0
787,2022-04-20,588.09,588.09,588.09,588.09,-1.98,11.0,6468.99
788,2022-04-24,599.8,599.8,599.8,599.8,1.99,10.0,5998.0
789,2022-05-05,587.9,587.9,587.9,587.9,-1.98,20.0,11758.0
790,2022-05-08,587.9,587.9,587.9,587.9,0.0,24.0,13828.8
791,2022-05-24,587.9,587.9,587.9,587.9,0.0,4.0,2352.0
792,2022-06-01,587.9,587.9,587.9,587.9,0.0,4.0,2360.0
793,2022-06-09,576.2,576.2,576.2,576.2,-1.99,20.0,11524.0
794,2022-06-23,564.7,564.7,564.7,564.7,-2.0,10.0,5647.0
795,2022-07-12,553.5,553.5,553.5,553.5,-1.98,268.0,148338.0
796,2022-07-13,542.5,542.5,498.2,498.2,-9.99,580.0,305380.0
797,2022-07-14,488.3,488.3,488.3,488.3,-1.99,20.0,9766.0
798,2022-07-21,498.0,498.0,498.0,498.0,1.99,10.0,4980.0
799,2022-07-27,488.1,488.1,488.1,488.1,-1.99,12.0,5857.2
800,2022-07-31,497.8,507.7,497.8,507.7,4.02,20.0,10055.0
801,2022-08-02,500.0,500.0,500.0,500.0,-1.52,50.0,25000.0
802,2022-08-03,510.0,510.0,510.0,510.0,2.0,20.0,10200.0
803,2022-08-23,499.8,499.8,480.2,480.2,-5.84,290.0,142972.0
804,2022-08-25,475.0,475.0,475.0,475.0,-1.08,10.0,4750.0
