S.N.,Date,Open,High,Low,Close,% Change,Qty,Turnover
1,2012-08-16,0.0,200.0,200.0,200.0,0.0,345.0,69000.0
2,2012-08-21,200.0,196.0,196.0,196.0,0.0,690.0,135240.0
3,2012-09-24,196.0,193.0,181.0,181.0,0.0,2162.0,399824.0
4,2012-10-08,181.0,183.0,171.0,174.0,0.0,4206.0,744752.0
5,2012-10-09,174.0,171.0,171.0,171.0,0.0,151.0,25821.0
6,2012-11-08,171.0,168.0,165.0,165.0,0.0,1000.0,165030.0
7,2012-12-19,165.0,162.0,162.0,162.0,0.0,5251.0,850662.0
8,2013-02-25,162.0,165.0,165.0,165.0,0.0,1035.0,170775.0
9,2013-03-19,165.0,162.0,150.0,150.0,0.0,5287.0,801042.0
10,2013-03-20,150.0,147.0,137.0,137.0,0.0,1736.0,242748.0
11,2013-03-27,137.0,138.0,124.0,124.0,0.0,14076.0,1875323.0
12,2013-03-31,124.0,122.0,122.0,122.0,0.0,2390.0,291580.0
13,2013-04-02,122.0,120.0,116.0,116.0,0.0,2795.0,333950.0
14,2013-04-04,116.0,118.0,118.0,118.0,0.0,214.0,25252.0
15,2013-04-07,118.0,116.0,116.0,116.0,0.0,679.0,78764.0
16,2013-04-08,116.0,114.0,110.0,110.0,0.0,284.0,31752.0
17,2013-04-09,110.0,110.0,108.0,110.0,0.0,222.0,24046.0
18,2013-04-11,110.0,112.0,108.0,108.0,0.0,1710.0,189061.0
19,2013-04-16,108.0,108.0,108.0,108.0,0.0,1380.0,149040.0
20,2013-04-18,108.0,110.0,110.0,110.0,0.0,545.0,59950.0
21,2013-04-28,110.0,114.0,110.0,110.0,0.0,3141.0,348716.0
22,2013-04-29,110.0,112.0,112.0,112.0,0.0,448.0,50176.0
23,2013-05-02,112.0,110.0,110.0,110.0,0.0,345.0,37950.0
24,2013-05-16,110.0,116.0,112.0,114.0,0.0,1673.0,190756.0
25,2013-05-20,114.0,116.0,116.0,116.0,0.0,180.0,20880.0
26,2013-05-21,116.0,120.0,116.0,120.0,0.0,1581.0,186212.0
27,2013-05-26,120.0,122.0,122.0,122.0,0.0,338.0,41236.0
28,2013-05-28,122.0,121.0,121.0,121.0,0.0,483.0,58443.0
29,2013-05-30,121.0,122.0,112.0,112.0,0.0,9723.0,1107963.0
30,2013-06-02,112.0,112.0,112.0,112.0,0.0,350.0,39200.0
31,2013-06-03,112.0,110.0,110.0,110.0,0.0,4140.0,455400.0
32,2013-06-13,110.0,108.0,108.0,108.0,0.0,5372.0,580176.0
33,2013-06-17,108.0,108.0,108.0,108.0,0.0,69.0,7452.0
34,2013-06-19,108.0,114.0,110.0,114.0,0.0,3570.0,406580.0
35,2013-06-20,114.0,112.0,112.0,112.0,0.0,41.0,4592.0
36,2013-06-23,112.0,110.0,110.0,110.0,0.0,97.0,10670.0
37,2013-06-24,110.0,112.0,112.0,112.0,0.0,97.0,10864.0
38,2013-07-02,112.0,114.0,114.0,114.0,0.0,214.0,24396.0
39,2013-07-03,114.0,112.0,110.0,110.0,0.0,55.0,6120.0
40,2013-07-29,110.0,112.0,112.0,112.0,0.0,100.0,11200.0
41,2013-08-01,112.0,114.0,114.0,114.0,0.0,236.0,26904.0
42,2013-08-04,114.0,118.0,116.0,118.0,0.0,50.0,5880.0
43,2013-08-06,118.0,124.0,120.0,124.0,0.0,338.0,41360.0
44,2013-08-07,124.0,126.0,122.0,126.0,0.0,884.0,109396.0
45,2013-08-08,126.0,124.0,124.0,124.0,0.0,276.0,34224.0
46,2013-08-11,124.0,126.0,126.0,126.0,0.0,41.0,5166.0
47,2013-08-12,126.0,125.0,125.0,125.0,0.0,338.0,42250.0
48,2013-08-13,125.0,129.0,127.0,129.0,0.0,60.0,7700.0
49,2013-08-14,129.0,129.0,129.0,129.0,0.0,69.0,8901.0
50,2013-08-20,129.0,133.0,131.0,133.0,0.0,40.0,5280.0
51,2013-08-27,133.0,137.0,135.0,137.0,0.0,40.0,5440.0
52,2013-09-04,137.0,139.0,139.0,139.0,0.0,35.0,4865.0
53,2013-09-09,139.0,141.0,141.0,141.0,0.0,20.0,2820.0
54,2013-11-12,141.0,146.0,142.0,146.0,0.0,3931.0,559282.0
55,2013-12-02,146.0,153.0,148.0,153.0,0.0,60.0,9020.0
56,2013-12-03,153.0,159.0,156.0,159.0,0.0,20.0,3150.0
57,2013-12-05,159.0,162.0,162.0,162.0,0.0,332.0,53784.0
58,2013-12-08,162.0,165.0,165.0,165.0,0.0,332.0,54780.0
59,2013-12-09,165.0,168.0,168.0,168.0,0.0,69.0,11592.0
60,2013-12-11,168.0,171.0,171.0,171.0,0.0,20.0,3420.0
61,2013-12-12,171.0,177.0,174.0,177.0,0.0,40.0,7020.0
62,2013-12-15,177.0,180.0,180.0,180.0,0.0,269.0,48420.0
63,2013-12-22,180.0,183.0,180.0,183.0,0.0,27514.0,4954020.0
64,2013-12-24,186.0,183.0,183.0,183.0,0.0,48.0,8784.0
65,2013-12-26,183.0,201.0,186.0,201.0,0.0,1988.0,386142.0
66,2014-02-20,183.0,180.0,171.0,174.0,0.0,2014.0,345306.0
67,2014-03-09,174.0,180.0,177.0,177.0,0.0,2338.0,414096.0
68,2014-03-25,177.0,186.0,180.0,186.0,0.0,333.0,60939.0
69,2014-03-26,186.0,188.0,175.0,188.0,0.0,1851.0,333968.0
70,2014-04-02,188.0,191.0,191.0,191.0,0.0,173.0,33043.0
71,2014-04-06,191.0,194.0,194.0,194.0,0.0,228.0,44232.0
72,2014-04-10,194.0,197.0,194.0,194.0,0.0,345.0,66975.0
73,2014-04-15,194.0,197.0,197.0,197.0,0.0,1725.0,339825.0
74,2014-04-20,197.0,200.0,200.0,200.0,0.0,145.0,29000.0
75,2014-04-21,200.0,196.0,193.0,196.0,0.0,345.0,67590.0
76,2014-04-23,196.0,199.0,193.0,199.0,0.0,4718.0,913679.0
77,2014-05-08,199.0,190.0,190.0,190.0,0.0,980.0,186200.0
78,2014-05-11,190.0,190.0,190.0,190.0,0.0,4476.0,850440.0
79,2014-05-20,190.0,193.0,193.0,193.0,0.0,38.0,7334.0
80,2014-05-22,193.0,199.0,196.0,199.0,0.0,448.0,89008.0
81,2014-05-26,199.0,202.0,202.0,202.0,0.0,3450.0,696900.0
82,2014-05-28,202.0,206.0,206.0,206.0,0.0,2428.0,500168.0
83,2014-06-04,206.0,202.0,202.0,202.0,0.0,4471.0,903142.0
84,2014-06-16,202.0,218.0,206.0,218.0,0.0,130.0,28100.0
85,2014-06-18,218.0,224.0,220.0,224.0,0.0,716.0,159392.0
86,2014-06-24,224.0,228.0,228.0,228.0,0.0,400.0,91200.0
87,2014-07-01,228.0,232.0,232.0,232.0,0.0,34.0,7888.0
88,2014-07-07,232.0,232.0,232.0,232.0,0.0,6442.0,1494544.0
89,2014-07-14,232.0,244.0,236.0,244.0,0.0,30.0,7200.0
90,2014-07-16,244.0,252.0,248.0,252.0,0.0,690.0,172500.0
91,2014-07-17,252.0,255.0,250.0,255.0,0.0,3143.0,785800.0
92,2014-07-20,255.0,260.0,260.0,260.0,0.0,10.0,2600.0
93,2014-07-21,260.0,280.0,265.0,280.0,0.0,193.0,52210.0
94,2014-07-23,280.0,308.0,285.0,308.0,0.0,550.0,164170.0
95,2014-07-24,308.0,332.0,314.0,332.0,0.0,40.0,12920.0
96,2014-07-31,332.0,365.0,335.0,362.0,0.0,10760.0,3775622.0
97,2014-08-03,362.0,398.0,369.0,398.0,0.0,1777.0,701862.0
98,2014-08-04,398.0,391.0,391.0,391.0,0.0,30.0,11730.0
99,2014-08-05,391.0,384.0,363.0,363.0,0.0,624.0,230572.0
100,2014-08-06,363.0,398.0,370.0,380.0,0.0,1070.0,412291.0
101,2014-08-07,380.0,381.0,374.0,381.0,0.0,510.0,190810.0
102,2014-08-13,381.0,381.0,381.0,381.0,0.0,379.0,144399.0
103,2014-08-14,381.0,381.0,381.0,381.0,0.0,152.0,57912.0
104,2014-08-18,381.0,374.0,374.0,374.0,0.0,1000.0,374000.0
105,2014-08-19,374.0,385.0,381.0,385.0,0.0,248.0,94528.0
106,2014-08-20,385.0,378.0,367.0,367.0,0.0,3735.0,1386453.0
107,2014-08-21,367.0,360.0,360.0,360.0,0.0,90.0,32400.0
108,2014-08-24,360.0,360.0,360.0,360.0,0.0,557.0,200520.0
109,2014-08-25,360.0,353.0,353.0,353.0,0.0,40.0,14120.0
110,2014-08-27,353.0,381.0,360.0,381.0,0.0,260.0,94300.0
111,2014-09-10,381.0,388.0,388.0,388.0,0.0,13.0,5044.0
112,2014-10-12,388.0,381.0,367.0,367.0,0.0,60.0,22440.0
113,2014-10-15,367.0,365.0,358.0,360.0,0.0,78.0,28091.0
114,2014-10-16,360.0,360.0,353.0,360.0,0.0,494.0,176783.0
115,2014-11-06,360.0,367.0,353.0,353.0,0.0,1305.0,470668.0
116,2014-11-16,353.0,353.0,346.0,353.0,0.0,4472.0,1577568.0
117,2014-11-17,353.0,360.0,360.0,360.0,0.0,80.0,28800.0
118,2014-11-19,360.0,353.0,348.0,348.0,0.0,830.0,289890.0
119,2014-12-10,348.0,342.0,342.0,342.0,0.0,50.0,17100.0
120,2014-12-24,342.0,336.0,336.0,336.0,0.0,200.0,67200.0
121,2014-12-29,280.0,275.0,275.0,275.0,0.0,428.0,117700.0
122,2014-12-31,275.0,275.0,275.0,275.0,0.0,51.0,14025.0
123,2015-01-04,275.0,285.0,280.0,285.0,0.0,200.0,56500.0
124,2015-01-08,285.0,295.0,290.0,295.0,0.0,40.0,11700.0
125,2015-01-12,295.0,306.0,300.0,306.0,0.0,120.0,36600.0
126,2015-01-19,306.0,327.0,312.0,327.0,0.0,640.0,200319.0
127,2015-01-20,327.0,333.0,333.0,333.0,0.0,51.0,16983.0
128,2015-01-25,333.0,338.0,338.0,338.0,0.0,10.0,3380.0
129,2015-01-26,338.0,343.0,335.0,335.0,0.0,170.0,57230.0
130,2015-01-27,335.0,341.0,335.0,335.0,0.0,220.0,74300.0
131,2015-01-29,335.0,330.0,330.0,330.0,0.0,10.0,3300.0
132,2015-02-01,330.0,354.0,336.0,354.0,0.0,330.0,114000.0
133,2015-02-02,354.0,359.0,359.0,359.0,0.0,10.0,3590.0
134,2015-02-03,359.0,366.0,360.0,366.0,0.0,650.0,237035.0
135,2015-02-04,366.0,365.0,360.0,365.0,0.0,220.0,79300.0
136,2015-02-11,365.0,365.0,357.0,365.0,0.0,1129.0,408347.0
137,2015-02-12,365.0,372.0,372.0,372.0,0.0,100.0,37200.0
138,2015-02-15,372.0,370.0,370.0,370.0,0.0,500.0,185000.0
139,2015-02-25,370.0,363.0,349.0,349.0,0.0,197.0,69775.0
140,2015-02-26,349.0,349.0,349.0,349.0,0.0,379.0,132271.0
141,2015-03-01,349.0,344.0,342.0,342.0,0.0,656.0,224752.0
142,2015-03-02,342.0,348.0,348.0,348.0,0.0,100.0,34800.0
143,2015-03-03,348.0,343.0,337.0,337.0,0.0,267.0,90645.0
144,2015-03-15,337.0,352.0,340.0,344.0,0.0,2281.0,793832.0
145,2015-03-16,344.0,338.0,338.0,338.0,0.0,48.0,16224.0
146,2015-03-18,338.0,344.0,339.0,339.0,0.0,226.0,77659.0
147,2015-03-23,339.0,341.0,341.0,341.0,0.0,125.0,42625.0
148,2015-03-24,341.0,347.0,347.0,347.0,0.0,200.0,69400.0
149,2015-04-02,347.0,353.0,353.0,353.0,0.0,10.0,3530.0
150,2015-04-08,353.0,360.0,360.0,360.0,0.0,10.0,3600.0
151,2015-04-09,360.0,353.0,353.0,353.0,0.0,100.0,35300.0
152,2015-04-15,353.0,360.0,360.0,360.0,0.0,134.0,48240.0
153,2015-04-16,360.0,353.0,353.0,353.0,0.0,63.0,22239.0
154,2015-04-20,353.0,352.0,346.0,346.0,0.0,1144.0,399688.0
155,2015-04-21,346.0,344.0,344.0,344.0,0.0,150.0,51600.0
156,2015-06-07,344.0,344.0,338.0,344.0,0.0,161.0,54478.0
157,2015-06-09,344.0,350.0,350.0,350.0,0.0,10.0,3500.0
158,2015-06-16,350.0,357.0,357.0,357.0,0.0,10.0,3570.0
159,2015-07-01,357.0,364.0,364.0,364.0,0.0,10.0,3640.0
160,2015-07-06,364.0,357.0,355.0,355.0,0.0,708.0,251998.0
161,2015-07-07,355.0,354.0,348.0,354.0,0.0,539.0,187632.0
162,2015-07-13,354.0,359.0,359.0,359.0,0.0,76.0,27284.0
163,2015-07-14,359.0,353.0,345.0,345.0,0.0,299.0,104840.0
164,2015-07-15,345.0,351.0,351.0,351.0,0.0,500.0,175500.0
165,2015-07-30,351.0,344.0,344.0,344.0,0.0,31.0,10664.0
166,2015-08-09,344.0,357.0,343.0,349.0,0.0,750.0,262561.0
167,2015-08-10,349.0,350.0,349.0,350.0,0.0,1085.0,378865.0
168,2015-08-11,350.0,344.0,343.0,343.0,0.0,521.0,178724.0
169,2015-08-12,343.0,349.0,349.0,349.0,0.0,134.0,46766.0
170,2015-08-19,349.0,347.0,340.0,340.0,0.0,348.0,120378.0
171,2015-08-20,340.0,345.0,321.0,321.0,0.0,687.0,233655.0
172,2015-08-23,321.0,322.0,316.0,322.0,0.0,126.0,40320.0
173,2015-09-06,322.0,336.0,328.0,336.0,0.0,230.0,76636.0
174,2015-09-07,336.0,354.0,342.0,354.0,0.0,656.0,228986.0
175,2015-09-08,354.0,364.0,357.0,364.0,0.0,1126.0,403868.0
176,2015-09-10,364.0,400.0,350.0,400.0,0.0,21845.0,7899416.0
177,2015-09-13,400.0,408.0,405.0,405.0,0.0,605.0,245163.0
178,2015-09-14,405.0,411.0,403.0,411.0,0.0,985.0,399890.0
179,2015-09-16,411.0,410.0,402.0,402.0,0.0,1178.0,475750.0
180,2015-09-17,402.0,395.0,394.0,394.0,0.0,560.0,220740.0
181,2015-09-22,394.0,388.0,381.0,381.0,0.0,700.0,268100.0
182,2015-09-28,381.0,395.0,388.0,395.0,0.0,475.0,185896.0
183,2015-09-30,395.0,408.0,400.0,408.0,0.0,94.0,37912.0
184,2015-10-06,408.0,400.0,400.0,400.0,0.0,46.0,18400.0
185,2015-10-08,400.0,400.0,392.0,392.0,0.0,162.0,64368.0
186,2015-10-11,392.0,399.0,399.0,399.0,0.0,100.0,39900.0
187,2015-10-14,399.0,406.0,360.0,360.0,0.0,6189.0,2258534.0
188,2015-10-18,360.0,367.0,367.0,367.0,0.0,138.0,50646.0
189,2015-11-01,367.0,388.0,374.0,388.0,0.0,251.0,96758.0
190,2015-11-02,388.0,381.0,381.0,381.0,0.0,100.0,38100.0
191,2015-11-10,381.0,388.0,388.0,388.0,0.0,149.0,57812.0
192,2015-11-19,388.0,381.0,381.0,381.0,0.0,100.0,38100.0
193,2015-11-25,381.0,381.0,381.0,381.0,0.0,300.0,114300.0
194,2015-11-26,381.0,380.0,380.0,380.0,0.0,434.0,164920.0
195,2015-11-30,380.0,373.0,366.0,366.0,0.0,236.0,86796.0
196,2015-12-01,366.0,366.0,366.0,366.0,0.0,50.0,18300.0
197,2015-12-02,366.0,394.0,373.0,385.0,0.0,3387.0,1304351.0
198,2015-12-03,385.0,392.0,392.0,392.0,0.0,46.0,18032.0
199,2015-12-06,392.0,392.0,385.0,392.0,0.0,739.0,287092.0
200,2015-12-07,392.0,399.0,397.0,397.0,0.0,845.0,335953.0
201,2015-12-08,397.0,391.0,390.0,391.0,0.0,1915.0,748328.0
202,2015-12-09,391.0,405.0,398.0,402.0,0.0,766.0,307170.0
203,2015-12-10,402.0,421.0,385.0,420.0,0.0,10993.0,4415209.0
204,2016-01-10,297.0,308.0,302.0,308.0,0.0,30.0,9180.0
205,2016-02-04,308.0,320.0,314.0,320.0,0.0,20.0,6340.0
206,2016-02-07,320.0,350.0,326.0,350.0,0.0,50.0,16900.0
207,2016-02-08,350.0,357.0,357.0,357.0,0.0,10.0,3570.0
208,2016-02-14,357.0,371.0,364.0,371.0,0.0,20.0,7350.0
209,2016-02-15,371.0,375.0,375.0,375.0,0.0,320.0,120000.0
210,2016-02-16,375.0,390.0,382.0,390.0,0.0,1030.0,399050.0
211,2016-02-17,390.0,384.0,384.0,384.0,0.0,20.0,7680.0
212,2016-02-18,384.0,391.0,390.0,390.0,0.0,229.0,89401.0
213,2016-02-21,390.0,412.0,397.0,412.0,0.0,30.0,12130.0
214,2016-02-22,412.0,410.0,410.0,410.0,0.0,1100.0,451000.0
215,2016-02-24,410.0,405.0,405.0,405.0,0.0,30.0,12150.0
216,2016-02-25,405.0,400.0,400.0,400.0,0.0,54.0,21600.0
217,2016-02-28,400.0,405.0,400.0,405.0,0.0,300.0,121000.0
218,2016-03-15,405.0,397.0,397.0,397.0,0.0,201.0,79797.0
219,2016-03-16,397.0,400.0,395.0,395.0,0.0,602.0,238300.0
220,2016-03-17,395.0,402.0,400.0,402.0,0.0,900.0,361000.0
221,2016-03-29,402.0,402.0,402.0,402.0,0.0,91.0,36582.0
222,2016-04-05,402.0,410.0,402.0,402.0,0.0,600.0,242000.0
223,2016-04-06,402.0,410.0,410.0,410.0,0.0,54.0,22140.0
224,2016-04-14,410.0,410.0,410.0,410.0,0.0,200.0,82000.0
225,2016-04-18,410.0,418.0,413.0,413.0,0.0,900.0,374700.0
226,2016-04-19,413.0,420.0,420.0,420.0,0.0,250.0,105000.0
227,2016-04-20,420.0,421.0,421.0,421.0,0.0,466.0,196186.0
228,2016-04-24,421.0,428.0,428.0,428.0,0.0,456.0,195168.0
229,2016-04-28,428.0,431.0,431.0,431.0,0.0,200.0,86200.0
230,2016-05-02,431.0,439.0,439.0,439.0,0.0,50.0,21950.0
231,2016-05-05,439.0,447.0,447.0,447.0,0.0,20.0,8940.0
232,2016-05-08,447.0,455.0,455.0,455.0,0.0,100.0,45500.0
233,2016-05-09,455.0,463.0,463.0,463.0,0.0,100.0,46300.0
234,2016-05-10,463.0,481.0,472.0,481.0,0.0,128.0,61316.0
235,2016-05-12,481.0,499.0,490.0,499.0,0.0,110.0,53990.0
236,2016-05-16,499.0,515.0,505.0,505.0,0.0,1514.0,771142.0
237,2016-05-17,505.0,520.0,500.0,520.0,0.0,5623.0,2840355.0
238,2016-05-18,520.0,530.0,510.0,530.0,0.0,7814.0,3995520.0
239,2016-05-19,530.0,540.0,520.0,530.0,0.0,13620.0,7084600.0
240,2016-05-23,530.0,520.0,510.0,510.0,0.0,200.0,103000.0
241,2016-05-24,510.0,510.0,510.0,510.0,0.0,83.0,42330.0
242,2016-05-26,510.0,510.0,500.0,500.0,0.0,1100.0,551000.0
243,2016-05-29,500.0,510.0,500.0,500.0,0.0,1350.0,678500.0
244,2016-05-30,500.0,550.0,510.0,550.0,0.0,15364.0,8448800.0
245,2016-05-31,550.0,581.0,540.0,540.0,0.0,4950.0,2793660.0
246,2016-06-01,540.0,530.0,501.0,510.0,0.0,2834.0,1482540.0
247,2016-06-05,510.0,510.0,495.0,495.0,0.0,1800.0,904500.0
248,2016-06-06,495.0,504.0,499.0,504.0,0.0,1500.0,753500.0
249,2016-06-07,504.0,494.0,494.0,494.0,0.0,14.0,6916.0
250,2016-06-08,494.0,542.0,502.0,542.0,0.0,268.0,135536.0
251,2016-06-09,542.0,552.0,552.0,552.0,0.0,10.0,5520.0
252,2016-06-13,552.0,563.0,525.0,525.0,0.0,5700.0,3010900.0
253,2016-06-14,525.0,540.0,510.0,540.0,0.0,1830.0,949320.0
254,2016-06-15,540.0,530.0,520.0,520.0,0.0,138.0,72760.0
255,2016-06-16,520.0,512.0,500.0,500.0,0.0,5100.0,2571000.0
256,2016-06-19,500.0,550.0,510.0,550.0,0.0,750.0,406900.0
257,2016-06-20,550.0,568.0,545.0,555.0,0.0,3500.0,1965600.0
258,2016-06-21,555.0,553.0,542.0,542.0,0.0,810.0,440130.0
259,2016-06-22,542.0,532.0,516.0,525.0,0.0,1328.0,692796.0
260,2016-06-23,525.0,530.0,520.0,520.0,0.0,900.0,475400.0
261,2016-06-27,520.0,530.0,530.0,530.0,0.0,10.0,5300.0
262,2016-06-28,530.0,520.0,520.0,520.0,0.0,200.0,104000.0
263,2016-06-29,520.0,530.0,505.0,530.0,0.0,3020.0,1534450.0
264,2016-07-04,530.0,540.0,540.0,540.0,0.0,251.0,135540.0
265,2016-07-05,540.0,541.0,531.0,531.0,0.0,1810.0,967400.0
266,2016-07-06,531.0,541.0,530.0,530.0,0.0,923.0,492253.0
267,2016-07-10,530.0,540.0,539.0,540.0,0.0,120.0,64780.0
268,2016-07-11,540.0,545.0,545.0,545.0,0.0,100.0,54500.0
269,2016-07-12,545.0,550.0,550.0,550.0,0.0,220.0,121000.0
270,2016-07-13,550.0,560.0,550.0,560.0,0.0,663.0,368280.0
271,2016-07-14,560.0,571.0,571.0,571.0,0.0,20.0,11420.0
272,2016-07-18,571.0,589.0,565.0,589.0,0.0,1663.0,951232.0
273,2016-07-19,589.0,624.0,600.0,612.0,0.0,11444.0,6937336.0
274,2016-07-20,612.0,624.0,615.0,615.0,0.0,4300.0,2666300.0
275,2016-07-21,615.0,627.0,617.0,620.0,0.0,1940.0,1204660.0
276,2016-07-25,620.0,644.0,625.0,644.0,0.0,3331.0,2118725.0
277,2016-07-26,644.0,708.0,656.0,700.0,0.0,4153.0,2865750.0
278,2016-07-27,700.0,714.0,698.0,698.0,0.0,1700.0,1194400.0
279,2016-07-28,698.0,710.0,710.0,710.0,0.0,250.0,177500.0
280,2016-07-31,710.0,700.0,700.0,700.0,0.0,54.0,37800.0
281,2016-08-01,700.0,687.0,670.0,683.0,0.0,2923.0,1990649.0
282,2016-08-02,683.0,675.0,665.0,665.0,0.0,3550.0,2387400.0
283,2016-08-03,665.0,662.0,647.0,647.0,0.0,1300.0,851900.0
284,2016-08-04,647.0,655.0,655.0,655.0,0.0,300.0,196500.0
285,2016-08-07,655.0,668.0,629.0,629.0,0.0,4021.0,2578431.0
286,2016-08-08,629.0,620.0,615.0,615.0,0.0,200.0,123500.0
287,2016-08-10,615.0,645.0,615.0,645.0,0.0,2720.0,1708220.0
288,2016-08-11,645.0,657.0,633.0,640.0,0.0,1310.0,839750.0
289,2016-08-14,640.0,630.0,616.0,616.0,0.0,829.0,517022.0
290,2016-08-15,616.0,610.0,601.0,601.0,0.0,1900.0,1148800.0
291,2016-08-16,601.0,617.0,595.0,595.0,0.0,850.0,514930.0
292,2016-08-17,595.0,606.0,600.0,606.0,0.0,420.0,252720.0
293,2016-08-21,606.0,600.0,593.0,593.0,0.0,600.0,359300.0
294,2016-08-22,593.0,590.0,586.0,586.0,0.0,360.0,211980.0
295,2016-08-23,586.0,582.0,581.0,581.0,0.0,252.0,146612.0
296,2016-08-24,581.0,592.0,592.0,592.0,0.0,200.0,118400.0
297,2016-08-28,592.0,605.0,600.0,600.0,0.0,750.0,450750.0
298,2016-08-29,600.0,603.0,600.0,603.0,0.0,500.0,300500.0
299,2016-08-31,603.0,615.0,610.0,615.0,0.0,613.0,375930.0
300,2016-09-01,615.0,627.0,603.0,627.0,0.0,1460.0,894740.0
301,2016-09-03,627.0,675.0,630.0,675.0,0.0,2470.0,1578580.0
302,2016-09-04,627.0,675.0,630.0,675.0,0.0,2470.0,1578580.0
303,2016-09-05,675.0,674.0,662.0,674.0,0.0,882.0,588756.0
304,2016-09-06,674.0,681.0,667.0,667.0,0.0,390.0,264100.0
305,2016-09-07,667.0,660.0,650.0,650.0,0.0,1050.0,688500.0
306,2016-09-08,650.0,650.0,644.0,650.0,0.0,1100.0,713200.0
307,2016-09-11,650.0,655.0,645.0,650.0,0.0,2200.0,1430600.0
308,2016-09-12,650.0,652.0,640.0,648.0,0.0,1200.0,773500.0
309,2016-09-14,648.0,660.0,640.0,650.0,0.0,3100.0,2015500.0
310,2016-09-18,650.0,641.0,635.0,635.0,0.0,1000.0,639300.0
311,2016-09-20,635.0,655.0,639.0,650.0,0.0,2946.0,1908046.0
312,2016-09-21,650.0,663.0,640.0,660.0,0.0,960.0,625130.0
313,2016-09-22,660.0,659.0,648.0,659.0,0.0,984.0,641648.0
314,2016-09-26,659.0,670.0,659.0,670.0,0.0,1313.0,871280.0
315,2016-09-27,670.0,657.0,643.0,643.0,0.0,469.0,302235.0
316,2016-09-28,643.0,631.0,631.0,631.0,0.0,500.0,315500.0
317,2016-09-29,631.0,643.0,630.0,631.0,0.0,1210.0,769500.0
318,2016-10-02,631.0,643.0,631.0,640.0,0.0,650.0,411800.0
319,2016-10-03,640.0,635.0,625.0,635.0,0.0,1320.0,830800.0
320,2016-10-04,635.0,637.0,620.0,637.0,0.0,1310.0,816670.0
321,2016-10-05,637.0,649.0,649.0,649.0,0.0,50.0,32450.0
322,2016-10-16,649.0,650.0,650.0,650.0,0.0,350.0,227500.0
323,2016-10-17,650.0,651.0,642.0,642.0,0.0,537.0,346930.0
324,2016-11-03,642.0,630.0,630.0,630.0,0.0,50.0,31500.0
325,2016-11-07,630.0,620.0,618.0,620.0,0.0,109.0,67402.0
326,2016-11-08,620.0,615.0,592.0,592.0,0.0,1934.0,1161702.0
327,2016-11-09,592.0,585.0,575.0,575.0,0.0,3300.0,1917100.0
328,2016-11-13,575.0,570.0,560.0,560.0,0.0,3500.0,1965000.0
329,2016-11-14,560.0,559.0,559.0,559.0,0.0,1450.0,810550.0
330,2016-11-15,559.0,560.0,540.0,550.0,0.0,2611.0,1440940.0
331,2016-11-17,550.0,555.0,555.0,555.0,0.0,100.0,55500.0
332,2016-11-21,555.0,544.0,534.0,534.0,0.0,220.0,118180.0
333,2016-11-22,534.0,540.0,530.0,530.0,0.0,670.0,355800.0
334,2016-11-23,530.0,520.0,510.0,510.0,0.0,150.0,77500.0
335,2016-11-27,510.0,500.0,500.0,500.0,0.0,100.0,50000.0
336,2016-11-28,500.0,490.0,481.0,481.0,0.0,350.0,170150.0
337,2016-11-29,481.0,529.0,490.0,529.0,0.0,1703.0,861920.0
338,2016-11-30,529.0,560.0,537.0,560.0,0.0,7650.0,4209000.0
339,2016-12-01,560.0,580.0,555.0,560.0,0.0,3480.0,1974100.0
340,2016-12-04,560.0,560.0,546.0,546.0,0.0,3560.0,1970050.0
341,2016-12-05,546.0,540.0,540.0,540.0,0.0,500.0,270000.0
342,2016-12-06,540.0,535.0,525.0,535.0,0.0,2100.0,1104500.0
343,2016-12-07,535.0,545.0,535.0,535.0,0.0,400.0,215000.0
344,2016-12-08,535.0,555.0,545.0,550.0,0.0,656.0,363088.0
345,2016-12-11,550.0,550.0,540.0,540.0,0.0,750.0,407700.0
346,2016-12-12,540.0,540.0,540.0,540.0,0.0,20.0,10800.0
347,2016-12-14,540.0,540.0,520.0,525.0,0.0,2888.0,1518396.0
348,2016-12-15,329.0,329.0,325.0,329.0,0.0,800.0,262800.0
349,2016-12-18,329.0,330.0,330.0,330.0,0.0,450.0,148500.0
350,2016-12-19,330.0,324.0,324.0,324.0,0.0,50.0,16200.0
351,2016-12-22,324.0,318.0,312.0,312.0,0.0,40.0,12600.0
352,2016-12-26,312.0,306.0,290.0,290.0,0.0,4100.0,1197800.0
353,2016-12-27,290.0,285.0,275.0,275.0,0.0,500.0,138950.0
354,2016-12-29,275.0,295.0,275.0,295.0,0.0,1662.0,466823.0
355,2017-01-01,295.0,300.0,300.0,300.0,0.0,50.0,15000.0
356,2017-01-02,300.0,324.0,306.0,324.0,0.0,430.0,134340.0
357,2017-01-03,324.0,324.0,318.0,319.0,0.0,124.0,39626.0
358,2017-01-04,319.0,313.0,313.0,313.0,0.0,50.0,15650.0
359,2017-01-09,313.0,323.0,319.0,323.0,0.0,150.0,48050.0
360,2017-01-12,323.0,329.0,329.0,329.0,0.0,10.0,3290.0
361,2017-01-16,329.0,335.0,335.0,335.0,0.0,200.0,67000.0
362,2017-01-17,335.0,334.0,334.0,334.0,0.0,200.0,66800.0
363,2017-01-30,334.0,328.0,316.0,316.0,0.0,160.0,51460.0
364,2017-02-02,316.0,316.0,310.0,310.0,0.0,150.0,46800.0
365,2017-02-05,310.0,305.0,299.0,299.0,0.0,70.0,21050.0
366,2017-02-13,299.0,295.0,295.0,295.0,0.0,500.0,147500.0
367,2017-02-14,295.0,290.0,290.0,290.0,0.0,100.0,29000.0
368,2017-02-16,290.0,295.0,290.0,295.0,0.0,700.0,204000.0
369,2017-02-19,295.0,300.0,290.0,290.0,0.0,429.0,126305.0
370,2017-02-28,290.0,285.0,261.0,275.0,0.0,1021.0,270171.0
371,2017-03-02,275.0,280.0,265.0,280.0,0.0,260.0,70650.0
372,2017-03-05,280.0,290.0,285.0,290.0,0.0,180.0,51650.0
373,2017-03-06,290.0,285.0,285.0,285.0,0.0,20.0,5700.0
374,2017-03-09,285.0,280.0,280.0,280.0,0.0,50.0,14000.0
375,2017-03-13,280.0,275.0,270.0,270.0,0.0,315.0,85125.0
376,2017-03-14,270.0,272.0,270.0,270.0,0.0,530.0,143500.0
377,2017-03-15,270.0,266.0,250.0,261.0,0.0,871.0,225376.0
378,2017-03-16,261.0,270.0,238.0,270.0,0.0,916.0,236596.0
379,2017-03-19,270.0,275.0,260.0,270.0,0.0,540.0,145450.0
380,2017-03-20,270.0,285.0,275.0,285.0,0.0,250.0,70250.0
381,2017-03-21,285.0,295.0,290.0,295.0,0.0,270.0,78730.0
382,2017-03-22,295.0,312.0,300.0,315.0,0.0,1265.0,389180.0
383,2017-03-23,315.0,324.0,312.0,312.0,0.0,720.0,226620.0
384,2017-03-26,312.0,333.0,310.0,333.0,0.0,5249.0,1681815.0
385,2017-03-28,333.0,358.0,339.0,358.0,0.0,1730.0,598830.0
386,2017-03-29,358.0,365.0,358.0,358.0,0.0,1250.0,449550.0
387,2017-03-30,358.0,360.0,360.0,360.0,0.0,170.0,61200.0
388,2017-04-02,360.0,366.0,366.0,366.0,0.0,150.0,54900.0
389,2017-04-03,366.0,401.0,373.0,392.0,0.0,850.0,330600.0
390,2017-04-04,392.0,385.0,378.0,378.0,0.0,300.0,114310.0
391,2017-04-06,378.0,388.0,371.0,388.0,0.0,4176.0,1569737.0
392,2017-04-09,388.0,399.0,392.0,392.0,0.0,13320.0,5223100.0
393,2017-04-10,392.0,392.0,385.0,391.0,0.0,1100.0,427600.0
394,2017-04-11,391.0,404.0,384.0,395.0,0.0,10720.0,4218890.0
395,2017-04-12,395.0,410.0,389.0,400.0,0.0,14658.0,5877087.0
396,2017-04-13,400.0,400.0,385.0,385.0,0.0,1262.0,499730.0
397,2017-04-16,385.0,402.0,380.0,380.0,0.0,1700.0,669100.0
398,2017-04-18,380.0,381.0,380.0,380.0,0.0,690.0,262690.0
399,2017-04-19,380.0,394.0,387.0,393.0,0.0,350.0,136850.0
400,2017-04-20,393.0,400.0,384.0,384.0,0.0,5327.0,2099090.0
401,2017-04-23,384.0,398.0,371.0,371.0,0.0,2276.0,878419.0
402,2017-04-24,371.0,379.0,364.0,367.0,0.0,2882.0,1057665.0
403,2017-04-25,367.0,381.0,366.0,366.0,0.0,1922.0,711752.0
404,2017-04-26,366.0,370.0,360.0,370.0,0.0,1350.0,493900.0
405,2017-05-02,370.0,367.0,360.0,367.0,0.0,1250.0,453150.0
406,2017-05-03,367.0,391.0,370.0,385.0,0.0,5576.0,2116725.0
407,2017-05-04,385.0,399.0,388.0,392.0,0.0,4771.0,1877461.0
408,2017-05-07,392.0,405.0,386.0,386.0,0.0,551.0,218515.0
409,2017-05-08,386.0,391.0,385.0,385.0,0.0,976.0,376860.0
410,2017-05-09,385.0,397.0,390.0,397.0,0.0,1295.0,508900.0
411,2017-05-11,397.0,390.0,385.0,385.0,0.0,755.0,292675.0
412,2017-05-15,385.0,378.0,371.0,371.0,0.0,1350.0,505300.0
413,2017-05-16,371.0,385.0,378.0,385.0,0.0,20.0,7630.0
414,2017-05-18,385.0,378.0,371.0,378.0,0.0,522.0,196812.0
415,2017-05-21,378.0,373.0,371.0,371.0,0.0,500.0,185700.0
416,2017-05-22,371.0,392.0,364.0,385.0,0.0,3656.0,1380128.0
417,2017-05-23,385.0,392.0,378.0,385.0,0.0,5087.0,1964901.0
418,2017-05-28,385.0,385.0,380.0,380.0,0.0,805.0,307825.0
419,2017-05-30,380.0,380.0,380.0,380.0,0.0,40.0,15200.0
420,2017-06-01,380.0,375.0,359.0,370.0,0.0,921.0,333481.0
421,2017-06-04,370.0,377.0,370.0,372.0,0.0,1165.0,436950.0
422,2017-06-05,372.0,379.0,375.0,375.0,0.0,575.0,216325.0
423,2017-06-06,375.0,384.0,375.0,377.0,0.0,1380.0,524215.0
424,2017-06-07,377.0,384.0,375.0,375.0,0.0,1090.0,412180.0
425,2017-06-08,375.0,375.0,370.0,370.0,0.0,1575.0,583125.0
426,2017-06-11,370.0,377.0,356.0,356.0,0.0,2458.0,892902.0
427,2017-06-12,356.0,357.0,343.0,344.0,0.0,1000.0,347000.0
428,2017-06-13,344.0,360.0,349.0,360.0,0.0,5252.0,1846418.0
429,2017-06-14,360.0,360.0,345.0,350.0,0.0,1473.0,512655.0
430,2017-06-15,292.0,321.0,297.0,309.0,0.0,44605.0,14189532.0
431,2017-06-18,309.0,303.0,300.0,300.0,0.0,2000.0,603000.0
432,2017-06-19,300.0,312.0,306.0,306.0,0.0,850.0,263100.0
433,2017-06-20,306.0,300.0,289.0,289.0,0.0,330.0,97295.0
434,2017-06-21,289.0,299.0,294.0,299.0,0.0,100.0,29650.0
435,2017-06-22,299.0,301.0,295.0,295.0,0.0,130.0,38650.0
436,2017-06-25,295.0,314.0,300.0,313.0,0.0,56953.0,17787040.0
437,2017-06-27,313.0,315.0,303.0,303.0,0.0,960.0,296473.0
438,2017-07-03,303.0,297.0,287.0,287.0,0.0,250.0,73250.0
439,2017-07-06,287.0,292.0,292.0,292.0,0.0,10.0,2920.0
440,2017-07-09,292.0,287.0,282.0,282.0,0.0,197.0,56054.0
441,2017-07-10,282.0,277.0,277.0,277.0,0.0,450.0,124650.0
442,2017-07-11,277.0,282.0,282.0,282.0,0.0,10.0,2820.0
443,2017-07-12,282.0,277.0,277.0,277.0,0.0,200.0,55400.0
444,2017-07-13,277.0,276.0,271.0,271.0,0.0,213.0,58623.0
445,2017-07-16,271.0,276.0,276.0,276.0,0.0,100.0,27600.0
446,2017-07-17,276.0,278.0,271.0,278.0,0.0,884.0,242782.0
447,2017-07-18,278.0,298.0,279.0,288.0,0.0,755.0,215965.0
448,2017-07-20,288.0,293.0,283.0,283.0,0.0,441.0,125553.0
449,2017-07-27,283.0,288.0,288.0,288.0,0.0,100.0,28800.0
450,2017-08-01,288.0,293.0,283.0,283.0,0.0,2310.0,663450.0
451,2017-08-02,283.0,279.0,274.0,275.0,0.0,2197.0,607075.0
452,2017-08-03,275.0,280.0,280.0,280.0,0.0,416.0,116480.0
453,2017-08-06,280.0,275.0,272.0,272.0,0.0,1302.0,357144.0
454,2017-08-07,272.0,280.0,272.0,275.0,0.0,2081.0,569825.0
455,2017-08-09,275.0,285.0,276.0,276.0,0.0,330.0,92370.0
456,2017-08-10,276.0,285.0,280.0,280.0,0.0,2800.0,784500.0
457,2017-08-15,280.0,275.0,270.0,270.0,0.0,450.0,123500.0
458,2017-08-16,270.0,272.0,262.0,262.0,0.0,607.0,162369.0
459,2017-08-17,262.0,267.0,267.0,267.0,0.0,190.0,50730.0
460,2017-08-21,267.0,263.0,263.0,263.0,0.0,416.0,109408.0
461,2017-08-22,263.0,258.0,253.0,258.0,0.0,2375.0,608625.0
462,2017-08-23,258.0,258.0,258.0,258.0,0.0,580.0,149640.0
463,2017-08-30,258.0,263.0,263.0,263.0,0.0,100.0,26300.0
464,2017-08-31,263.0,265.0,255.0,255.0,0.0,223.0,58345.0
465,2017-09-04,255.0,250.0,250.0,250.0,0.0,500.0,125000.0
466,2017-09-12,250.0,245.0,245.0,245.0,0.0,375.0,91875.0
467,2017-09-13,245.0,242.0,241.0,241.0,0.0,125.0,30200.0
468,2017-09-14,241.0,244.0,236.0,244.0,0.0,1825.0,440650.0
469,2017-09-18,244.0,243.0,240.0,243.0,0.0,2197.0,532246.0
470,2017-09-20,243.0,239.0,234.0,234.0,0.0,362.0,85808.0
471,2017-09-25,234.0,235.0,235.0,235.0,0.0,396.0,93060.0
472,2017-10-08,235.0,231.0,227.0,227.0,0.0,123.0,28341.0
473,2017-10-09,227.0,224.0,223.0,224.0,0.0,36.0,8046.0
474,2017-10-10,224.0,224.0,220.0,224.0,0.0,185.0,41100.0
475,2017-10-11,224.0,227.0,224.0,224.0,0.0,1600.0,359200.0
476,2017-10-12,224.0,225.0,224.0,225.0,0.0,143.0,32154.0
477,2017-10-16,225.0,229.0,229.0,229.0,0.0,500.0,114500.0
478,2017-10-17,229.0,233.0,230.0,230.0,0.0,100.0,23150.0
479,2017-10-22,230.0,227.0,227.0,227.0,0.0,12.0,2724.0
480,2017-10-24,227.0,231.0,231.0,231.0,0.0,50.0,11550.0
481,2017-10-25,231.0,235.0,235.0,235.0,0.0,225.0,52875.0
482,2017-10-29,235.0,232.0,232.0,232.0,0.0,349.0,80968.0
483,2017-10-30,232.0,236.0,236.0,236.0,0.0,50.0,11800.0
484,2017-11-02,236.0,236.0,233.0,233.0,0.0,83.0,19483.0
485,2017-11-05,233.0,230.0,229.0,229.0,0.0,737.0,169473.0
486,2017-11-06,229.0,233.0,233.0,233.0,0.0,200.0,46600.0
487,2017-11-07,233.0,235.0,232.0,232.0,0.0,914.0,214727.0
488,2017-11-08,232.0,232.0,227.0,227.0,0.0,1255.0,288335.0
489,2017-11-12,227.0,228.0,227.0,227.0,0.0,113.0,25701.0
490,2017-11-13,227.0,231.0,229.0,231.0,0.0,2472.0,566108.0
491,2017-11-14,231.0,242.0,235.0,242.0,0.0,1375.0,330325.0
492,2017-11-15,242.0,244.0,237.0,237.0,0.0,1518.0,361689.0
493,2017-11-19,237.0,233.0,233.0,233.0,0.0,100.0,23300.0
494,2017-11-20,233.0,230.0,229.0,230.0,0.0,1252.0,287910.0
495,2017-11-22,230.0,227.0,227.0,227.0,0.0,73.0,16571.0
496,2017-11-23,227.0,239.0,231.0,236.0,0.0,600.0,141100.0
497,2017-11-26,236.0,235.0,233.0,233.0,0.0,720.0,168000.0
498,2017-11-27,233.0,235.0,231.0,231.0,0.0,622.0,143770.0
499,2017-11-28,231.0,231.0,231.0,231.0,0.0,500.0,115500.0
500,2017-11-29,231.0,240.0,235.0,240.0,0.0,700.0,166200.0
501,2017-11-30,240.0,237.0,237.0,237.0,0.0,600.0,142200.0
502,2017-12-13,237.0,237.0,233.0,237.0,0.0,302.0,70566.0
503,2017-12-27,237.0,235.0,231.0,231.0,0.0,300.0,70100.0
504,2018-01-02,231.0,235.0,235.0,235.0,0.0,10.0,2350.0
505,2018-01-03,235.0,239.0,239.0,239.0,0.0,100.0,23900.0
506,2018-01-04,239.0,238.0,236.0,236.0,0.0,100.0,23700.0
507,2018-01-07,210.0,210.0,208.0,210.0,0.0,576.0,120730.0
508,2018-01-08,210.0,212.0,206.0,212.0,0.0,215.0,45260.0
509,2018-01-14,212.0,209.0,209.0,209.0,0.0,325.0,67925.0
510,2018-01-22,209.0,205.0,205.0,205.0,0.0,300.0,61500.0
511,2018-01-28,205.0,202.0,202.0,202.0,0.0,50.0,10100.0
512,2018-01-29,202.0,202.0,202.0,202.0,0.0,33.0,6666.0
513,2018-01-31,202.0,214.0,206.0,210.0,0.0,310.0,64640.0
514,2018-02-01,210.0,218.0,210.0,214.0,0.0,180.0,38136.0
515,2018-02-05,214.0,210.0,210.0,210.0,0.0,100.0,21000.0
516,2018-02-06,210.0,218.0,210.0,218.0,0.0,220.0,46620.0
517,2018-02-07,218.0,222.0,222.0,222.0,0.0,10.0,2220.0
518,2018-02-11,222.0,226.0,226.0,226.0,0.0,10.0,2260.0
519,2018-02-12,226.0,230.0,230.0,230.0,0.0,69.0,15870.0
520,2018-02-14,230.0,226.0,218.0,218.0,0.0,187.0,41662.0
521,2018-02-15,218.0,222.0,207.0,215.0,0.0,3463.0,729015.0
522,2018-02-18,219.0,219.0,219.0,219.0,1.86,10.0,2190.0
523,2018-02-22,0.0,222.0,222.0,222.0,1.37,10.0,2220.0
524,2018-02-25,226.0,226.0,222.0,222.0,0.0,20.0,4480.0
525,2018-02-27,218.0,218.0,202.0,202.0,-9.01,307.0,62662.0
526,2018-02-28,202.0,204.0,199.0,199.0,-1.49,4227.0,852853.0
527,2018-03-05,200.0,200.0,190.0,190.0,-4.52,3376.0,658440.0
528,2018-03-06,190.0,193.0,188.0,190.0,0.0,1762.0,334909.0
529,2018-03-07,193.0,193.0,190.0,193.0,1.58,387.0,74601.0
530,2018-03-12,190.0,193.0,190.0,193.0,0.0,175.0,33550.0
531,2018-03-14,195.0,196.0,195.0,196.0,1.55,250.0,48950.0
532,2018-03-19,199.0,202.0,199.0,202.0,3.06,62.0,12398.0
533,2018-03-20,204.0,204.0,204.0,204.0,0.99,500.0,102000.0
534,2018-04-05,205.0,205.0,205.0,205.0,0.49,1134.0,232470.0
535,2018-04-08,205.0,209.0,201.0,209.0,1.95,1627.0,333427.0
536,2018-04-09,205.0,205.0,201.0,201.0,-3.83,960.0,196400.0
537,2018-04-11,197.0,197.0,197.0,197.0,-1.99,1000.0,197000.0
538,2018-04-15,200.0,204.0,200.0,204.0,3.55,100.0,20320.0
539,2018-04-16,208.0,208.0,208.0,208.0,1.96,114.0,23712.0
540,2018-04-18,210.0,210.0,207.0,208.0,0.0,331.0,68860.0
541,2018-04-19,207.0,209.0,205.0,205.0,-1.44,3218.0,665783.0
542,2018-04-22,206.0,210.0,206.0,210.0,2.44,1570.0,327560.0
543,2018-04-23,210.0,210.0,210.0,210.0,0.0,263.0,55230.0
544,2018-04-24,210.0,210.0,206.0,210.0,0.0,1085.0,224650.0
545,2018-04-25,207.0,207.0,206.0,206.0,-1.9,204.0,42197.0
546,2018-04-26,206.0,206.0,205.0,206.0,0.0,638.0,130990.0
547,2018-04-29,203.0,203.0,202.0,202.0,-1.94,838.0,169576.0
548,2018-05-03,202.0,202.0,200.0,200.0,-0.99,16947.0,3423100.0
549,2018-05-08,204.0,204.0,200.0,200.0,0.0,51.0,10256.0
550,2018-05-09,196.0,196.0,194.0,194.0,-3.0,182.0,35429.0
551,2018-05-10,191.0,191.0,191.0,191.0,-1.55,43.0,8213.0
552,2018-05-14,188.0,188.0,188.0,188.0,-1.57,24.0,4512.0
553,2018-05-16,185.0,185.0,185.0,185.0,-1.6,30.0,5550.0
554,2018-05-17,182.0,182.0,182.0,182.0,-1.62,3000.0,546000.0
555,2018-05-20,185.0,191.0,185.0,191.0,4.95,1686.0,314976.0
556,2018-05-21,188.0,188.0,188.0,188.0,-1.57,1500.0,282000.0
557,2018-05-22,189.0,189.0,189.0,189.0,0.53,5699.0,1077111.0
558,2018-05-23,188.0,188.0,188.0,188.0,-0.53,66.0,12408.0
559,2018-05-27,186.0,191.0,185.0,191.0,1.6,1649.0,307164.0
560,2018-05-29,194.0,194.0,194.0,194.0,1.57,100.0,19400.0
561,2018-05-30,197.0,197.0,197.0,197.0,1.55,500.0,98500.0
562,2018-06-03,194.0,194.0,184.0,187.0,-5.08,6592.0,1217169.0
563,2018-06-07,185.0,185.0,185.0,185.0,-1.07,14464.0,2675840.0
564,2018-06-11,184.0,184.0,178.0,178.0,-3.78,19974.0,3674343.0
565,2018-06-14,180.0,180.0,180.0,180.0,1.12,1398.0,251640.0
566,2018-06-17,178.0,178.0,178.0,178.0,-1.11,286.0,50908.0
567,2018-06-19,180.0,183.0,180.0,183.0,2.81,1673.0,302986.0
568,2018-06-20,180.0,183.0,180.0,183.0,0.0,900.0,163200.0
569,2018-06-21,186.0,186.0,186.0,186.0,1.64,500.0,93000.0
570,2018-06-24,189.0,189.0,189.0,189.0,1.61,11.0,2079.0
571,2018-06-25,188.0,188.0,188.0,188.0,-0.53,727.0,136676.0
572,2018-06-26,186.0,186.0,183.0,183.0,-2.66,1327.0,246741.0
573,2018-06-27,186.0,186.0,186.0,186.0,1.64,500.0,93000.0
574,2018-06-28,189.0,189.0,186.0,186.0,0.0,6524.0,1213764.0
575,2018-07-01,185.0,185.0,185.0,185.0,-0.54,35.0,6475.0
576,2018-07-02,182.0,182.0,182.0,182.0,-1.62,24.0,4368.0
577,2018-07-04,180.0,180.0,176.0,176.0,-3.3,1021.0,183403.0
578,2018-07-05,179.0,179.0,179.0,179.0,1.7,265.0,47435.0
579,2018-07-09,176.0,179.0,176.0,179.0,0.0,6350.0,1118500.0
580,2018-07-10,182.0,182.0,182.0,182.0,1.68,500.0,91000.0
581,2018-07-11,185.0,188.0,185.0,188.0,3.3,150.0,28050.0
582,2018-07-12,191.0,204.0,191.0,204.0,8.51,244.0,48076.0
583,2018-07-22,200.0,200.0,200.0,200.0,-1.96,250.0,50000.0
584,2018-08-08,196.0,196.0,196.0,196.0,-2.0,1.0,196.0
585,2018-08-15,200.0,200.0,200.0,200.0,0.0,100.0,20000.0
586,2018-08-16,200.0,200.0,200.0,200.0,0.0,110.0,22000.0
587,2018-08-19,200.0,200.0,200.0,200.0,0.0,100.0,20000.0
588,2018-08-20,200.0,200.0,200.0,200.0,0.0,428.0,85600.0
589,2018-09-09,197.0,197.0,197.0,197.0,-1.5,500.0,98500.0
590,2018-09-11,195.0,195.0,195.0,195.0,-1.02,500.0,97500.0
591,2018-09-12,196.0,196.0,194.0,194.0,-0.51,600.0,116600.0
592,2018-09-16,194.0,194.0,191.0,191.0,-1.55,1060.0,203240.0
593,2018-09-20,188.0,188.0,188.0,188.0,-1.57,900.0,169200.0
594,2018-09-23,186.0,186.0,182.0,182.0,-3.19,112.0,20734.0
595,2018-09-25,180.0,182.0,177.0,182.0,0.0,1412.0,252524.0
596,2018-09-27,182.0,182.0,180.0,182.0,0.0,1151.0,209180.0
597,2018-09-30,179.0,179.0,179.0,179.0,-1.65,678.0,121362.0
598,2018-10-01,176.0,179.0,170.0,170.0,-5.03,885.0,153871.0
599,2018-10-02,173.0,176.0,173.0,176.0,3.53,916.0,160616.0
600,2018-10-04,176.0,179.0,176.0,176.0,0.0,102.0,17982.0
601,2018-10-08,176.0,175.0,172.0,172.0,-2.27,213.0,36675.0
602,2018-10-10,169.0,169.0,169.0,169.0,-1.74,992.0,167648.0
603,2018-10-11,172.0,172.0,170.0,172.0,1.78,592.0,101224.0
604,2018-10-14,173.0,173.0,172.0,172.0,0.0,112.0,19364.0
605,2018-10-15,175.0,178.0,175.0,178.0,3.49,100.0,17650.0
606,2018-10-25,176.0,179.0,176.0,179.0,0.56,72.0,12732.0
607,2018-10-28,176.0,176.0,176.0,176.0,-1.68,112.0,19712.0
608,2018-10-31,173.0,173.0,173.0,173.0,-1.7,68.0,11764.0
609,2018-11-05,173.0,173.0,173.0,173.0,0.0,112.0,19376.0
610,2018-12-09,176.0,176.0,176.0,176.0,1.73,15.0,2640.0
611,2018-12-11,176.0,176.0,176.0,176.0,0.0,10.0,1760.0
612,2018-12-12,175.0,175.0,175.0,175.0,-0.57,1278.0,223650.0
613,2018-12-13,174.0,174.0,173.0,174.0,-0.57,614.0,106436.0
614,2018-12-16,175.0,175.0,175.0,175.0,0.57,10.0,1750.0
615,2018-12-17,176.0,176.0,176.0,176.0,0.57,110.0,19360.0
616,2018-12-18,176.0,176.0,176.0,176.0,0.0,100.0,17600.0
617,2018-12-19,173.0,176.0,173.0,176.0,0.0,251.0,43483.0
618,2018-12-23,173.0,176.0,173.0,176.0,0.0,230.0,39880.0
619,2018-12-24,176.0,176.0,176.0,176.0,0.0,12.0,2112.0
620,2018-12-25,175.0,176.0,172.0,172.0,-2.27,724.0,126083.0
621,2018-12-26,174.0,181.0,174.0,180.0,4.65,1894.0,332898.0
622,2018-12-27,174.0,174.0,174.0,174.0,11.0,110.0,19140.0
623,2019-01-14,173.0,173.0,173.0,173.0,-0.57,60.0,10380.0
624,2019-01-16,170.0,173.0,170.0,173.0,0.0,110.0,19000.0
625,2019-01-22,170.0,170.0,156.0,156.0,-9.83,5436.0,904356.0
626,2019-01-23,158.0,159.0,155.0,158.0,1.28,1676.0,264620.0
627,2019-01-27,158.0,158.0,158.0,158.0,0.0,622.0,98276.0
628,2019-01-28,158.0,160.0,158.0,160.0,1.27,5566.0,889958.0
629,2019-01-29,157.0,157.0,157.0,157.0,-1.88,50.0,7850.0
630,2019-01-30,154.0,160.0,154.0,160.0,1.91,120.0,19110.0
631,2019-01-31,163.0,163.0,163.0,163.0,1.88,10.0,1630.0
632,2019-02-03,165.0,165.0,159.0,162.0,-0.61,5550.0,890250.0
633,2019-02-10,165.0,165.0,162.0,162.0,0.0,250.0,41100.0
634,2019-02-11,159.0,163.0,159.0,163.0,0.62,180.0,29110.0
635,2019-02-12,160.0,160.0,160.0,160.0,-1.84,50.0,8000.0
636,2019-02-13,161.0,161.0,161.0,161.0,0.63,100.0,16100.0
637,2019-02-17,158.0,158.0,150.0,150.0,-6.83,291.0,44392.0
638,2019-02-18,147.0,147.0,142.0,142.0,-5.33,6962.0,997594.0
639,2019-02-19,144.0,146.0,144.0,146.0,2.82,4079.0,591676.0
640,2019-02-20,144.0,144.0,140.0,143.0,-2.05,5043.0,718429.0
641,2019-02-21,141.0,145.0,141.0,145.0,1.4,632.0,89672.0
642,2019-02-24,147.0,147.0,145.0,145.0,0.0,80.0,11620.0
643,2019-02-27,143.0,145.0,143.0,143.0,-1.38,765.0,110035.0
644,2019-03-03,141.0,141.0,141.0,141.0,-1.4,50.0,7050.0
645,2019-03-05,143.0,145.0,143.0,145.0,2.84,314.0,45350.0
646,2019-03-06,147.0,157.0,147.0,157.0,8.28,90.0,13600.0
647,2019-03-07,154.0,154.0,151.0,151.0,-3.82,143.0,21893.0
648,2019-03-10,153.0,153.0,153.0,153.0,1.32,100.0,15300.0
649,2019-03-11,156.0,165.0,156.0,165.0,7.84,140.0,22380.0
650,2019-03-12,167.0,167.0,167.0,167.0,1.21,100.0,16700.0
651,2019-03-13,164.0,164.0,164.0,164.0,-1.8,10.0,1640.0
652,2019-03-14,167.0,167.0,164.0,164.0,0.0,30.0,4980.0
653,2019-03-17,167.0,167.0,167.0,167.0,1.83,30.0,5010.0
654,2019-03-18,165.0,165.0,162.0,162.0,-2.99,200.0,32700.0
655,2019-03-19,159.0,162.0,159.0,162.0,0.0,70.0,11190.0
656,2019-03-21,165.0,165.0,165.0,165.0,1.85,30.0,4950.0
657,2019-03-24,162.0,162.0,162.0,162.0,-1.82,10.0,1620.0
658,2019-03-25,165.0,165.0,165.0,165.0,1.85,20.0,3300.0
659,2019-03-26,168.0,168.0,164.0,165.0,0.0,673.0,110432.0
660,2019-03-27,168.0,168.0,168.0,168.0,1.82,10.0,1680.0
661,2019-03-28,171.0,171.0,171.0,171.0,1.79,10.0,1710.0
662,2019-04-01,168.0,168.0,159.0,159.0,-7.02,100.0,16440.0
663,2019-04-02,156.0,156.0,150.0,150.0,-5.66,4700.0,713890.0
664,2019-04-03,150.0,153.0,150.0,153.0,2.0,180.0,27090.0
665,2019-04-04,153.0,153.0,153.0,153.0,0.0,826.0,126378.0
666,2019-04-07,151.0,151.0,151.0,151.0,-1.31,100.0,15100.0
667,2019-04-08,154.0,157.0,152.0,152.0,0.66,647.0,99734.0
668,2019-04-09,154.0,155.0,153.0,153.0,0.66,835.0,128890.0
669,2019-04-10,153.0,156.0,153.0,156.0,1.96,3840.0,591240.0
670,2019-04-11,159.0,159.0,159.0,159.0,1.92,10.0,1590.0
671,2019-04-16,158.0,159.0,156.0,159.0,0.0,620.0,96980.0
672,2019-04-17,161.0,161.0,158.0,158.0,-0.63,526.0,84608.0
673,2019-04-18,161.0,167.0,161.0,164.0,3.8,1528.0,251280.0
674,2019-04-21,166.0,167.0,164.0,166.0,1.22,2471.0,408420.0
675,2019-04-22,169.0,169.0,169.0,169.0,1.81,170.0,28730.0
676,2019-04-23,166.0,166.0,166.0,166.0,-1.78,1000.0,166000.0
677,2019-04-24,166.0,169.0,166.0,169.0,1.81,755.0,126339.0
678,2019-04-25,171.0,175.0,169.0,175.0,3.55,656.0,112776.0
679,2019-04-28,177.0,181.0,172.0,181.0,3.43,1248.0,217846.0
680,2019-04-29,178.0,178.0,178.0,178.0,-1.66,361.0,64258.0
681,2019-04-30,175.0,175.0,175.0,175.0,-1.69,60.0,10500.0
682,2019-05-02,172.0,175.0,172.0,175.0,0.0,79.0,13648.0
683,2019-05-05,177.0,178.0,175.0,175.0,0.0,1740.0,307030.0
684,2019-05-06,176.0,176.0,176.0,176.0,0.57,50.0,8800.0
685,2019-05-07,179.0,179.0,179.0,179.0,1.7,10.0,1790.0
686,2019-05-08,176.0,176.0,176.0,176.0,-1.68,887.0,156112.0
687,2019-05-09,177.0,177.0,177.0,177.0,0.57,30.0,5310.0
688,2019-05-13,177.0,177.0,177.0,177.0,0.0,100.0,17700.0
689,2019-05-14,174.0,174.0,174.0,174.0,-1.69,1840.0,320160.0
690,2019-05-15,177.0,183.0,177.0,183.0,5.17,1156.0,208332.0
691,2019-05-16,184.0,186.0,181.0,181.0,-1.09,4012.0,740833.0
692,2019-05-19,181.0,181.0,180.0,180.0,-0.55,3300.0,595300.0
693,2019-05-20,177.0,177.0,177.0,177.0,-1.67,346.0,61242.0
694,2019-05-21,174.0,174.0,174.0,174.0,-1.69,115.0,20010.0
695,2019-05-22,177.0,177.0,175.0,175.0,0.57,56.0,9820.0
696,2019-05-23,177.0,184.0,177.0,181.0,3.43,3890.0,703543.0
697,2019-05-26,184.0,184.0,184.0,184.0,1.66,670.0,123280.0
698,2019-05-27,186.0,190.0,186.0,190.0,3.26,6127.0,1151538.0
699,2019-05-28,188.0,189.0,187.0,187.0,-1.58,1749.0,327333.0
700,2019-05-29,190.0,190.0,190.0,190.0,1.6,677.0,128630.0
701,2019-05-30,192.0,192.0,192.0,192.0,1.05,500.0,96000.0
702,2019-06-02,189.0,193.0,189.0,193.0,0.52,1730.0,328350.0
703,2019-06-03,190.0,190.0,187.0,187.0,-3.11,1500.0,281550.0
704,2019-06-04,184.0,184.0,184.0,184.0,-1.6,500.0,92000.0
705,2019-06-06,187.0,196.0,187.0,196.0,6.52,660.0,126315.0
706,2019-06-10,199.0,210.0,199.0,200.0,2.04,1985.0,403133.0
707,2019-06-11,203.0,204.0,200.0,200.0,0.0,1350.0,273426.0
708,2019-06-12,204.0,204.0,193.0,193.0,-3.5,1010.0,199800.0
709,2019-06-13,190.0,190.0,187.0,187.0,-3.11,6000.0,1132000.0
710,2019-06-17,184.0,193.0,184.0,190.0,1.6,767.0,144617.0
711,2019-06-18,187.0,187.0,187.0,187.0,-1.58,525.0,98175.0
712,2019-06-19,186.0,190.0,186.0,190.0,1.6,1282.0,241416.0
713,2019-06-23,190.0,190.0,190.0,190.0,0.0,303.0,57570.0
714,2019-06-24,193.0,193.0,192.0,192.0,1.05,30.0,5780.0
715,2019-06-25,191.0,191.0,191.0,191.0,-0.52,177.0,33807.0
716,2019-06-30,193.0,193.0,193.0,193.0,1.05,60.0,11580.0
717,2019-07-01,190.0,192.0,190.0,191.0,-1.04,1000.0,191414.0
718,2019-07-02,192.0,192.0,192.0,192.0,0.52,20.0,3840.0
719,2019-07-03,192.0,192.0,192.0,192.0,0.0,294.0,56448.0
720,2019-07-04,195.0,195.0,195.0,195.0,1.56,10.0,1950.0
721,2019-07-07,198.0,201.0,198.0,201.0,3.08,30.0,5985.0
722,2019-07-08,197.0,197.0,197.0,197.0,-1.99,500.0,98500.0
723,2019-07-10,194.0,194.0,185.0,185.0,-6.09,526.0,101549.0
724,2019-07-11,184.0,184.0,183.0,183.0,-1.08,493.0,90269.0
725,2019-07-15,180.0,183.0,180.0,183.0,0.0,1022.0,185927.0
726,2019-07-16,192.0,192.0,192.0,192.0,4.92,10.0,1920.0
727,2019-07-25,192.0,192.0,192.0,192.0,0.0,115.0,22080.0
728,2019-08-05,195.0,195.0,195.0,195.0,1.56,33.0,6435.0
729,2019-08-12,192.0,192.0,192.0,192.0,-1.54,20.0,3840.0
730,2019-08-19,189.0,189.0,189.0,189.0,-1.56,41.0,7749.0
731,2019-08-25,186.0,186.0,186.0,186.0,-1.59,20.0,3720.0
732,2019-09-03,184.0,184.0,184.0,184.0,-1.08,36.0,6624.0
733,2019-09-10,181.0,181.0,177.0,177.0,-3.8,1398.0,247506.0
734,2019-09-18,177.0,183.0,177.0,183.0,3.39,8769.0,1563804.0
735,2019-09-23,183.0,183.0,183.0,183.0,0.0,536.0,98088.0
736,2019-09-24,180.0,180.0,174.0,174.0,-4.92,1721.0,305554.0
737,2019-09-25,174.0,174.0,174.0,174.0,0.0,50.0,8700.0
738,2019-09-29,171.0,171.0,171.0,171.0,-1.72,100.0,17100.0
739,2019-10-24,170.0,170.0,170.0,170.0,-0.58,306.0,52020.0
740,2019-10-31,171.0,171.0,171.0,171.0,0.59,60.0,10260.0
741,2019-11-03,171.0,171.0,170.0,170.0,-0.58,685.0,116470.0
742,2019-11-04,168.0,168.0,168.0,168.0,-1.18,10.0,1680.0
743,2019-11-07,166.0,169.0,165.0,165.0,-1.79,1121.0,185345.0
744,2019-11-10,168.0,168.0,168.0,168.0,1.82,590.0,99120.0
745,2019-11-11,168.0,168.0,167.0,167.0,-0.6,519.0,87173.0
746,2019-11-26,170.0,170.0,169.0,169.0,1.2,930.0,157670.0
747,2019-12-02,170.0,170.0,170.0,170.0,0.59,153.0,26010.0
748,2019-12-04,169.0,169.0,169.0,169.0,-0.59,163.0,27547.0
749,2019-12-08,172.0,181.0,172.0,181.0,7.1,60.0,10650.0
750,2019-12-09,184.0,190.0,184.0,190.0,4.97,332.0,62090.0
751,2019-12-10,193.0,193.0,193.0,193.0,1.58,34.0,6562.0
752,2019-12-12,191.0,191.0,188.0,188.0,-2.59,72.0,13652.0
753,2019-12-15,185.0,185.0,185.0,185.0,-1.6,4000.0,740000.0
754,2019-12-22,182.0,185.0,182.0,185.0,0.0,69.0,12675.0
755,2019-12-23,188.0,191.0,188.0,188.0,1.62,160.0,30380.0
756,2019-12-24,191.0,206.0,191.0,206.0,9.57,2293.0,455506.0
757,2019-12-25,210.0,226.0,210.0,226.0,9.71,24874.0,5526221.0
758,2019-12-26,230.0,242.0,224.0,228.0,0.88,27659.0,6388696.0
759,2019-12-29,232.0,239.0,230.0,239.0,4.82,19425.0,4551732.0
760,2019-12-30,235.0,238.0,226.0,238.0,-0.42,8512.0,1979056.0
761,2019-12-31,215.0,217.0,213.0,214.0,-10.08,1980.0,425420.0
762,2020-01-01,210.0,210.0,210.0,210.0,-1.87,60.0,12600.0
763,2020-01-02,209.0,209.0,209.0,209.0,-0.48,100.0,20900.0
764,2020-01-05,210.0,224.0,210.0,224.0,7.18,6881.0,1508272.0
765,2020-01-06,224.0,225.0,220.0,220.0,-1.79,2420.0,536380.0
766,2020-01-07,224.0,229.0,223.0,229.0,4.09,2453.0,551212.0
767,2020-01-08,225.0,231.0,223.0,229.0,0.0,3506.0,796090.0
768,2020-01-09,226.0,233.0,226.0,233.0,1.75,2819.0,653754.0
769,2020-01-12,236.0,241.0,236.0,241.0,3.43,2810.0,669010.0
770,2020-01-13,245.0,256.0,243.0,248.0,2.9,7480.0,1831270.0
771,2020-01-14,252.0,263.0,252.0,263.0,6.05,3060.0,784722.0
772,2020-01-15,268.0,278.0,263.0,278.0,5.7,32404.0,8701328.0
773,2020-01-16,283.0,293.0,274.0,293.0,5.4,7864.0,2205006.0
774,2020-01-19,296.0,298.0,285.0,290.0,-1.02,3126.0,906595.0
775,2020-01-20,285.0,285.0,275.0,275.0,-5.17,210.0,59350.0
776,2020-01-21,270.0,274.0,261.0,266.0,-3.27,4330.0,1144720.0
777,2020-01-22,264.0,265.0,240.0,246.0,-7.52,6372.0,1608544.0
778,2020-01-23,243.0,266.0,242.0,256.0,4.07,2051.0,525466.0
779,2020-01-26,251.0,255.0,246.0,248.0,-3.13,3961.0,980516.0
780,2020-01-27,244.0,258.0,244.0,258.0,4.03,5700.0,1424770.0
781,2020-01-28,255.0,267.0,255.0,260.0,0.78,9692.0,2532762.0
782,2020-01-29,255.0,268.0,251.0,268.0,3.08,4140.0,1048930.0
783,2020-01-30,263.0,267.0,258.0,267.0,-0.37,6100.0,1615570.0
784,2020-02-02,264.0,269.0,264.0,269.0,0.75,1908.0,504592.0
785,2020-02-03,264.0,268.0,263.0,268.0,-0.37,6328.0,1680904.0
786,2020-02-04,268.0,275.0,268.0,270.0,0.75,12507.0,3408064.0
787,2020-02-05,265.0,280.0,260.0,270.0,0.0,2978.0,804080.0
788,2020-02-06,265.0,280.0,265.0,274.0,1.48,13886.0,3828668.0
789,2020-02-09,277.0,290.0,274.0,283.0,3.28,10350.0,2906796.0
